ssj,word,size,cont,resp,RT
vp01,bruin,large,bright,hit,667
vp01,groen,large,bright,hit,541
vp01,bruin,large,bright,hit,561
vp01,geel,large,bright,hit,591
vp01,oranje,large,bright,hit,638
vp01,turkoois,large,bright,hit,723
vp01,geel,large,bright,hit,573
vp01,rood,large,bright,hit,811
vp01,zwart,large,bright,hit,721
vp01,rood,large,bright,hit,596
vp01,wit,large,bright,hit,661
vp01,blauw,large,bright,hit,941
vp01,blauw,large,bright,hit,594
vp01,wit,large,bright,hit,611
vp01,purper,large,bright,hit,719
vp01,zwart,large,bright,hit,546
vp01,turkoois,large,bright,hit,583
vp01,groen,large,bright,hit,525
vp01,purper,large,bright,hit,732
vp01,oranje,large,bright,miss,
vp01,rood,small,bright,hit,634
vp01,geel,small,bright,hit,628
vp01,groen,small,bright,hit,659
vp01,geel,small,bright,hit,669
vp01,oranje,small,bright,hit,616
vp01,blauw,small,bright,hit,641
vp01,turkoois,small,bright,hit,857
vp01,zwart,small,bright,hit,712
vp01,turkoois,small,bright,hit,620
vp01,zwart,small,bright,hit,653
vp01,rood,small,bright,hit,691
vp01,purper,small,bright,hit,727
vp01,wit,small,bright,hit,561
vp01,oranje,small,bright,hit,630
vp01,bruin,small,bright,hit,559
vp01,blauw,small,bright,hit,687
vp01,groen,small,bright,hit,771
vp01,purper,small,bright,miss,
vp01,bruin,small,bright,miss,
vp01,wit,small,bright,miss,
vp01,wit,large,dark,hit,639
vp01,purper,large,dark,hit,834
vp01,zwart,large,dark,hit,667
vp01,geel,large,dark,hit,667
vp01,turkoois,large,dark,hit,785
vp01,turkoois,large,dark,hit,597
vp01,groen,large,dark,hit,575
vp01,rood,large,dark,hit,605
vp01,oranje,large,dark,hit,802
vp01,zwart,large,dark,hit,584
vp01,blauw,large,dark,hit,541
vp01,wit,large,dark,hit,863
vp01,groen,large,dark,hit,575
vp01,rood,large,dark,hit,557
vp01,purper,large,dark,hit,568
vp01,bruin,large,dark,hit,526
vp01,oranje,large,dark,hit,499
vp01,geel,large,dark,hit,534
vp01,blauw,large,dark,hit,534
vp01,bruin,large,dark,hit,569
vp01,rood,small,dark,hit,494
vp01,rood,small,dark,hit,596
vp01,purper,small,dark,hit,665
vp01,wit,small,dark,hit,603
vp01,zwart,small,dark,hit,606
vp01,bruin,small,dark,hit,646
vp01,purper,small,dark,hit,616
vp01,geel,small,dark,hit,661
vp01,wit,small,dark,hit,615
vp01,oranje,small,dark,hit,562
vp01,oranje,small,dark,hit,547
vp01,blauw,small,dark,hit,572
vp01,blauw,small,dark,hit,737
vp01,geel,small,dark,hit,492
vp01,turkoois,small,dark,hit,579
vp01,groen,small,dark,hit,547
vp01,groen,small,dark,hit,534
vp01,bruin,small,dark,hit,551
vp01,zwart,small,dark,hit,527
vp01,turkoois,small,dark,miss,
vp02,groen,large,bright,hit,493
vp02,turkoois,large,bright,hit,700
vp02,oranje,large,bright,hit,613
vp02,geel,large,bright,hit,630
vp02,purper,large,bright,hit,694
vp02,geel,large,bright,hit,571
vp02,wit,large,bright,hit,706
vp02,bruin,large,bright,hit,551
vp02,zwart,large,bright,hit,663
vp02,zwart,large,bright,hit,578
vp02,oranje,large,bright,hit,544
vp02,groen,large,bright,hit,552
vp02,blauw,large,bright,hit,870
vp02,purper,large,bright,hit,685
vp02,blauw,large,bright,hit,529
vp02,bruin,large,bright,hit,641
vp02,turkoois,large,bright,hit,638
vp02,wit,large,bright,hit,542
vp02,rood,large,bright,hit,630
vp02,rood,large,bright,hit,536
vp02,wit,small,bright,hit,688
vp02,purper,small,bright,hit,779
vp02,zwart,small,bright,hit,689
vp02,blauw,small,bright,hit,540
vp02,groen,small,bright,hit,494
vp02,rood,small,bright,hit,513
vp02,purper,small,bright,hit,607
vp02,wit,small,bright,hit,636
vp02,oranje,small,bright,hit,775
vp02,blauw,small,bright,hit,610
vp02,geel,small,bright,hit,607
vp02,turkoois,small,bright,hit,759
vp02,oranje,small,bright,hit,517
vp02,zwart,small,bright,hit,748
vp02,turkoois,small,bright,hit,707
vp02,rood,small,bright,hit,609
vp02,geel,small,bright,hit,606
vp02,groen,small,bright,miss,
vp02,bruin,small,bright,miss,
vp02,bruin,small,bright,miss,
vp02,blauw,large,dark,hit,528
vp02,blauw,large,dark,hit,557
vp02,zwart,large,dark,hit,442
vp02,purper,large,dark,hit,598
vp02,wit,large,dark,hit,485
vp02,geel,large,dark,hit,578
vp02,rood,large,dark,hit,557
vp02,turkoois,large,dark,hit,591
vp02,geel,large,dark,hit,574
vp02,purper,large,dark,hit,638
vp02,groen,large,dark,hit,592
vp02,bruin,large,dark,hit,590
vp02,oranje,large,dark,hit,552
vp02,oranje,large,dark,hit,562
vp02,rood,large,dark,hit,537
vp02,turkoois,large,dark,hit,600
vp02,groen,large,dark,hit,565
vp02,zwart,large,dark,hit,575
vp02,bruin,large,dark,hit,565
vp02,wit,large,dark,hit,617
vp02,geel,small,dark,hit,524
vp02,oranje,small,dark,hit,540
vp02,turkoois,small,dark,hit,759
vp02,wit,small,dark,hit,536
vp02,blauw,small,dark,hit,505
vp02,zwart,small,dark,hit,404
vp02,groen,small,dark,hit,533
vp02,bruin,small,dark,hit,570
vp02,rood,small,dark,hit,597
vp02,wit,small,dark,hit,550
vp02,bruin,small,dark,hit,550
vp02,purper,small,dark,hit,669
vp02,zwart,small,dark,hit,554
vp02,geel,small,dark,hit,584
vp02,groen,small,dark,hit,583
vp02,turkoois,small,dark,hit,592
vp02,blauw,small,dark,hit,561
vp02,oranje,small,dark,hit,493
vp02,rood,small,dark,hit,535
vp02,purper,small,dark,hit,654
vp03,geel,large,bright,hit,444
vp03,purper,large,bright,hit,554
vp03,oranje,large,bright,hit,564
vp03,geel,large,bright,hit,558
vp03,rood,large,bright,hit,464
vp03,zwart,large,bright,hit,475
vp03,rood,large,bright,hit,479
vp03,turkoois,large,bright,hit,555
vp03,turkoois,large,bright,hit,425
vp03,bruin,large,bright,hit,458
vp03,bruin,large,bright,hit,485
vp03,zwart,large,bright,hit,475
vp03,blauw,large,bright,hit,424
vp03,groen,large,bright,hit,525
vp03,purper,large,bright,hit,527
vp03,wit,large,bright,hit,545
vp03,oranje,large,bright,hit,544
vp03,groen,large,bright,hit,471
vp03,wit,large,bright,hit,548
vp03,blauw,large,bright,hit,490
vp03,geel,small,bright,hit,716
vp03,purper,small,bright,hit,803
vp03,groen,small,bright,hit,497
vp03,turkoois,small,bright,hit,648
vp03,blauw,small,bright,hit,449
vp03,groen,small,bright,hit,592
vp03,bruin,small,bright,hit,581
vp03,wit,small,bright,hit,596
vp03,blauw,small,bright,hit,513
vp03,turkoois,small,bright,hit,522
vp03,wit,small,bright,hit,512
vp03,bruin,small,bright,hit,603
vp03,purper,small,bright,hit,596
vp03,rood,small,bright,hit,533
vp03,oranje,small,bright,hit,528
vp03,rood,small,bright,hit,604
vp03,zwart,small,bright,hit,505
vp03,oranje,small,bright,hit,559
vp03,zwart,small,bright,hit,481
vp03,geel,small,bright,hit,456
vp03,turkoois,large,dark,hit,572
vp03,geel,large,dark,hit,394
vp03,blauw,large,dark,hit,470
vp03,groen,large,dark,hit,505
vp03,rood,large,dark,hit,416
vp03,groen,large,dark,hit,407
vp03,rood,large,dark,hit,509
vp03,blauw,large,dark,hit,456
vp03,zwart,large,dark,hit,410
vp03,zwart,large,dark,hit,516
vp03,oranje,large,dark,hit,426
vp03,purper,large,dark,hit,498
vp03,purper,large,dark,hit,472
vp03,geel,large,dark,hit,457
vp03,wit,large,dark,hit,518
vp03,bruin,large,dark,hit,444
vp03,turkoois,large,dark,hit,599
vp03,wit,large,dark,hit,477
vp03,bruin,large,dark,hit,604
vp03,oranje,large,dark,hit,525
vp03,bruin,small,dark,hit,590
vp03,turkoois,small,dark,hit,761
vp03,groen,small,dark,hit,414
vp03,geel,small,dark,hit,428
vp03,bruin,small,dark,hit,465
vp03,turkoois,small,dark,hit,490
vp03,wit,small,dark,hit,523
vp03,purper,small,dark,hit,545
vp03,rood,small,dark,hit,421
vp03,blauw,small,dark,hit,510
vp03,oranje,small,dark,hit,460
vp03,purper,small,dark,hit,498
vp03,groen,small,dark,hit,505
vp03,wit,small,dark,hit,453
vp03,zwart,small,dark,hit,430
vp03,zwart,small,dark,hit,446
vp03,blauw,small,dark,hit,516
vp03,rood,small,dark,hit,391
vp03,oranje,small,dark,hit,661
vp03,geel,small,dark,hit,520
vp04,blauw,small,bright,miss,
vp04,rood,small,bright,miss,
vp04,wit,small,bright,miss,
vp04,blauw,large,bright,hit,541
vp04,turkoois,large,bright,hit,589
vp04,groen,large,bright,hit,512
vp04,zwart,large,bright,hit,553
vp04,bruin,large,bright,hit,659
vp04,geel,large,bright,hit,755
vp04,blauw,large,bright,hit,538
vp04,bruin,large,bright,hit,996
vp04,rood,large,bright,hit,814
vp04,purper,large,bright,hit,919
vp04,groen,large,bright,hit,624
vp04,rood,large,bright,hit,701
vp04,wit,large,bright,hit,572
vp04,wit,large,bright,hit,541
vp04,purper,large,bright,hit,719
vp04,oranje,large,bright,hit,517
vp04,geel,large,bright,hit,597
vp04,oranje,large,bright,hit,637
vp04,turkoois,large,bright,hit,672
vp04,zwart,large,bright,hit,935
vp04,turkoois,small,bright,hit,716
vp04,purper,small,bright,hit,891
vp04,oranje,small,bright,hit,900
vp04,oranje,small,bright,hit,611
vp04,blauw,small,bright,hit,845
vp04,purper,small,bright,hit,732
vp04,turkoois,small,bright,hit,668
vp04,wit,small,bright,hit,697
vp04,rood,small,bright,hit,644
vp04,groen,small,bright,hit,906
vp04,bruin,small,bright,hit,788
vp04,zwart,small,bright,hit,793
vp04,geel,small,bright,hit,600
vp04,zwart,small,bright,hit,651
vp04,geel,small,bright,hit,587
vp04,groen,small,bright,hit,575
vp04,bruin,small,bright,hit,770
vp04,oranje,small,dark,miss,
vp04,rood,large,dark,hit,609
vp04,purper,large,dark,hit,615
vp04,oranje,large,dark,hit,489
vp04,groen,large,dark,hit,421
vp04,wit,large,dark,hit,496
vp04,geel,large,dark,hit,441
vp04,blauw,large,dark,hit,493
vp04,zwart,large,dark,hit,559
vp04,oranje,large,dark,hit,509
vp04,geel,large,dark,hit,482
vp04,groen,large,dark,hit,468
vp04,turkoois,large,dark,hit,739
vp04,zwart,large,dark,hit,543
vp04,purper,large,dark,hit,578
vp04,bruin,large,dark,hit,614
vp04,blauw,large,dark,hit,609
vp04,bruin,large,dark,hit,497
vp04,turkoois,large,dark,hit,551
vp04,wit,large,dark,hit,839
vp04,rood,large,dark,hit,608
vp04,rood,small,dark,hit,787
vp04,groen,small,dark,hit,497
vp04,wit,small,dark,hit,681
vp04,wit,small,dark,hit,568
vp04,zwart,small,dark,hit,497
vp04,rood,small,dark,hit,503
vp04,oranje,small,dark,hit,580
vp04,bruin,small,dark,hit,700
vp04,purper,small,dark,hit,548
vp04,geel,small,dark,hit,744
vp04,blauw,small,dark,hit,504
vp04,geel,small,dark,hit,447
vp04,groen,small,dark,hit,517
vp04,purper,small,dark,hit,658
vp04,turkoois,small,dark,hit,564
vp04,zwart,small,dark,hit,635
vp04,bruin,small,dark,hit,668
vp04,blauw,small,dark,hit,678
vp04,turkoois,small,dark,hit,705
vp05,rood,large,bright,hit,417
vp05,wit,large,bright,hit,493
vp05,geel,large,bright,hit,578
vp05,zwart,large,bright,hit,625
vp05,bruin,large,bright,hit,515
vp05,groen,large,bright,hit,771
vp05,turkoois,large,bright,hit,781
vp05,rood,large,bright,hit,594
vp05,bruin,large,bright,hit,647
vp05,blauw,large,bright,hit,597
vp05,purper,large,bright,hit,690
vp05,turkoois,large,bright,hit,675
vp05,geel,large,bright,hit,539
vp05,groen,large,bright,hit,581
vp05,zwart,large,bright,hit,830
vp05,blauw,large,bright,hit,512
vp05,oranje,large,bright,hit,535
vp05,oranje,large,bright,hit,513
vp05,purper,large,bright,miss,
vp05,wit,large,bright,miss,
vp05,zwart,small,bright,hit,797
vp05,oranje,small,bright,hit,542
vp05,wit,small,bright,hit,826
vp05,bruin,small,bright,hit,561
vp05,geel,small,bright,hit,643
vp05,turkoois,small,bright,hit,822
vp05,blauw,small,bright,hit,687
vp05,wit,small,bright,hit,668
vp05,bruin,small,bright,hit,946
vp05,blauw,small,bright,hit,476
vp05,groen,small,bright,hit,705
vp05,purper,small,bright,hit,659
vp05,rood,small,bright,hit,546
vp05,oranje,small,bright,hit,582
vp05,rood,small,bright,hit,556
vp05,groen,small,bright,hit,558
vp05,turkoois,small,bright,hit,688
vp05,zwart,small,bright,hit,675
vp05,geel,small,bright,hit,550
vp05,purper,small,bright,miss,
vp05,bruin,large,dark,hit,788
vp05,oranje,large,dark,hit,633
vp05,groen,large,dark,hit,500
vp05,rood,large,dark,hit,482
vp05,turkoois,large,dark,hit,682
vp05,rood,large,dark,hit,650
vp05,groen,large,dark,hit,523
vp05,blauw,large,dark,hit,488
vp05,blauw,large,dark,hit,554
vp05,geel,large,dark,hit,610
vp05,oranje,large,dark,hit,646
vp05,geel,large,dark,hit,519
vp05,bruin,large,dark,hit,601
vp05,zwart,large,dark,hit,517
vp05,purper,large,dark,hit,551
vp05,wit,large,dark,hit,624
vp05,zwart,large,dark,miss,
vp05,purper,large,dark,miss,
vp05,wit,large,dark,miss,
vp05,turkoois,large,dark,miss,
vp05,blauw,small,dark,hit,418
vp05,groen,small,dark,hit,763
vp05,groen,small,dark,hit,522
vp05,blauw,small,dark,hit,456
vp05,oranje,small,dark,hit,765
vp05,purper,small,dark,hit,655
vp05,zwart,small,dark,hit,467
vp05,zwart,small,dark,hit,615
vp05,bruin,small,dark,hit,584
vp05,bruin,small,dark,hit,517
vp05,oranje,small,dark,hit,553
vp05,rood,small,dark,hit,497
vp05,rood,small,dark,hit,457
vp05,geel,small,dark,hit,478
vp05,wit,small,dark,hit,533
vp05,turkoois,small,dark,hit,668
vp05,turkoois,small,dark,hit,557
vp05,geel,small,dark,hit,498
vp05,wit,small,dark,hit,493
vp05,purper,small,dark,miss,
vp06,groen,large,bright,hit,403
vp06,rood,large,bright,hit,495
vp06,wit,large,bright,hit,564
vp06,blauw,large,bright,hit,523
vp06,purper,large,bright,hit,561
vp06,zwart,large,bright,hit,661
vp06,purper,large,bright,hit,553
vp06,blauw,large,bright,hit,485
vp06,geel,large,bright,hit,480
vp06,turkoois,large,bright,hit,543
vp06,groen,large,bright,hit,463
vp06,bruin,large,bright,hit,579
vp06,wit,large,bright,hit,548
vp06,geel,large,bright,hit,501
vp06,oranje,large,bright,hit,502
vp06,zwart,large,bright,hit,539
vp06,oranje,large,bright,hit,614
vp06,turkoois,large,bright,hit,547
vp06,rood,large,bright,hit,432
vp06,bruin,large,bright,hit,567
vp06,rood,small,bright,hit,567
vp06,zwart,small,bright,hit,556
vp06,groen,small,bright,hit,508
vp06,oranje,small,bright,hit,756
vp06,wit,small,bright,hit,654
vp06,groen,small,bright,hit,603
vp06,bruin,small,bright,hit,607
vp06,oranje,small,bright,hit,569
vp06,blauw,small,bright,hit,548
vp06,bruin,small,bright,hit,626
vp06,purper,small,bright,hit,877
vp06,wit,small,bright,hit,555
vp06,zwart,small,bright,hit,583
vp06,turkoois,small,bright,hit,694
vp06,purper,small,bright,hit,689
vp06,geel,small,bright,hit,540
vp06,geel,small,bright,hit,510
vp06,blauw,small,bright,hit,542
vp06,turkoois,small,bright,hit,577
vp06,rood,small,bright,hit,569
vp06,purper,large,dark,hit,704
vp06,geel,large,dark,hit,462
vp06,zwart,large,dark,hit,428
vp06,purper,large,dark,hit,500
vp06,rood,large,dark,hit,453
vp06,groen,large,dark,hit,491
vp06,turkoois,large,dark,hit,634
vp06,wit,large,dark,hit,641
vp06,wit,large,dark,hit,413
vp06,blauw,large,dark,hit,501
vp06,oranje,large,dark,hit,481
vp06,oranje,large,dark,hit,367
vp06,bruin,large,dark,hit,607
vp06,geel,large,dark,hit,440
vp06,zwart,large,dark,hit,612
vp06,groen,large,dark,hit,430
vp06,turkoois,large,dark,hit,686
vp06,blauw,large,dark,hit,529
vp06,rood,large,dark,hit,492
vp06,bruin,large,dark,hit,547
vp06,zwart,small,dark,hit,545
vp06,purper,small,dark,hit,445
vp06,bruin,small,dark,hit,451
vp06,turkoois,small,dark,hit,704
vp06,blauw,small,dark,hit,587
vp06,groen,small,dark,hit,468
vp06,bruin,small,dark,hit,467
vp06,wit,small,dark,hit,535
vp06,geel,small,dark,hit,431
vp06,oranje,small,dark,hit,525
vp06,rood,small,dark,hit,534
vp06,zwart,small,dark,hit,485
vp06,oranje,small,dark,hit,511
vp06,groen,small,dark,hit,588
vp06,geel,small,dark,hit,561
vp06,blauw,small,dark,hit,610
vp06,rood,small,dark,hit,539
vp06,wit,small,dark,hit,524
vp06,turkoois,small,dark,hit,597
vp06,purper,small,dark,hit,580
vp07,geel,large,bright,hit,772
vp07,bruin,large,bright,hit,630
vp07,rood,large,bright,hit,538
vp07,blauw,large,bright,hit,564
vp07,groen,large,bright,hit,570
vp07,zwart,large,bright,hit,717
vp07,turkoois,large,bright,hit,858
vp07,wit,large,bright,hit,661
vp07,purper,large,bright,hit,652
vp07,bruin,large,bright,hit,526
vp07,blauw,large,bright,hit,677
vp07,rood,large,bright,hit,608
vp07,purper,large,bright,hit,789
vp07,geel,large,bright,hit,479
vp07,groen,large,bright,hit,570
vp07,wit,large,bright,hit,665
vp07,oranje,large,bright,hit,802
vp07,oranje,large,bright,hit,655
vp07,turkoois,large,bright,miss,
vp07,zwart,large,bright,miss,
vp07,wit,small,bright,hit,856
vp07,purper,small,bright,hit,770
vp07,blauw,small,bright,hit,672
vp07,rood,small,bright,hit,819
vp07,oranje,small,bright,hit,773
vp07,bruin,small,bright,hit,982
vp07,bruin,small,bright,hit,677
vp07,oranje,small,bright,hit,724
vp07,wit,small,bright,hit,780
vp07,blauw,small,bright,hit,704
vp07,zwart,small,bright,hit,660
vp07,purper,small,bright,hit,686
vp07,geel,small,bright,hit,643
vp07,groen,small,bright,hit,727
vp07,groen,small,bright,hit,691
vp07,rood,small,bright,hit,787
vp07,geel,small,bright,hit,595
vp07,zwart,small,bright,miss,
vp07,turkoois,small,bright,miss,
vp07,turkoois,small,bright,miss,
vp07,rood,large,dark,hit,640
vp07,blauw,large,dark,hit,799
vp07,geel,large,dark,hit,679
vp07,purper,large,dark,hit,656
vp07,oranje,large,dark,hit,589
vp07,turkoois,large,dark,hit,931
vp07,wit,large,dark,hit,753
vp07,bruin,large,dark,hit,500
vp07,oranje,large,dark,hit,408
vp07,groen,large,dark,hit,646
vp07,zwart,large,dark,hit,590
vp07,blauw,large,dark,hit,582
vp07,groen,large,dark,hit,616
vp07,wit,large,dark,hit,556
vp07,bruin,large,dark,hit,517
vp07,turkoois,large,dark,hit,754
vp07,rood,large,dark,hit,434
vp07,purper,large,dark,hit,591
vp07,geel,large,dark,hit,498
vp07,zwart,large,dark,hit,769
vp07,blauw,small,dark,hit,730
vp07,groen,small,dark,hit,724
vp07,rood,small,dark,hit,706
vp07,oranje,small,dark,hit,583
vp07,zwart,small,dark,hit,478
vp07,zwart,small,dark,hit,565
vp07,groen,small,dark,hit,552
vp07,rood,small,dark,hit,610
vp07,geel,small,dark,hit,654
vp07,oranje,small,dark,hit,545
vp07,bruin,small,dark,hit,554
vp07,wit,small,dark,hit,547
vp07,blauw,small,dark,hit,565
vp07,wit,small,dark,hit,731
vp07,geel,small,dark,hit,576
vp07,turkoois,small,dark,hit,789
vp07,turkoois,small,dark,hit,748
vp07,purper,small,dark,hit,612
vp07,purper,small,dark,miss,
vp07,bruin,small,dark,miss,
vp08,zwart,large,bright,hit,646
vp08,blauw,large,bright,hit,652
vp08,bruin,large,bright,hit,509
vp08,zwart,large,bright,hit,485
vp08,wit,large,bright,hit,563
vp08,groen,large,bright,hit,601
vp08,rood,large,bright,hit,555
vp08,bruin,large,bright,hit,507
vp08,turkoois,large,bright,hit,653
vp08,purper,large,bright,hit,791
vp08,blauw,large,bright,hit,604
vp08,oranje,large,bright,hit,598
vp08,rood,large,bright,hit,728
vp08,turkoois,large,bright,hit,604
vp08,oranje,large,bright,hit,448
vp08,groen,large,bright,hit,493
vp08,wit,large,bright,hit,697
vp08,geel,large,bright,hit,543
vp08,geel,large,bright,hit,525
vp08,purper,large,bright,hit,622
vp08,geel,small,bright,hit,848
vp08,zwart,small,bright,hit,666
vp08,geel,small,bright,hit,602
vp08,oranje,small,bright,hit,842
vp08,turkoois,small,bright,hit,845
vp08,zwart,small,bright,hit,717
vp08,turkoois,small,bright,hit,733
vp08,blauw,small,bright,hit,830
vp08,purper,small,bright,hit,711
vp08,groen,small,bright,hit,868
vp08,bruin,small,bright,hit,752
vp08,wit,small,bright,hit,960
vp08,rood,small,bright,hit,633
vp08,oranje,small,bright,hit,838
vp08,groen,small,bright,hit,710
vp08,rood,small,bright,hit,838
vp08,wit,small,bright,hit,876
vp08,bruin,small,bright,hit,769
vp08,purper,small,bright,miss,
vp08,blauw,small,bright,miss,
vp08,groen,large,dark,hit,546
vp08,geel,large,dark,hit,458
vp08,wit,large,dark,hit,488
vp08,blauw,large,dark,hit,490
vp08,geel,large,dark,hit,469
vp08,blauw,large,dark,hit,569
vp08,rood,large,dark,hit,632
vp08,wit,large,dark,hit,621
vp08,bruin,large,dark,hit,722
vp08,turkoois,large,dark,hit,710
vp08,purper,large,dark,hit,633
vp08,zwart,large,dark,hit,524
vp08,zwart,large,dark,hit,472
vp08,oranje,large,dark,hit,746
vp08,turkoois,large,dark,hit,641
vp08,purper,large,dark,hit,477
vp08,oranje,large,dark,hit,755
vp08,groen,large,dark,hit,470
vp08,rood,large,dark,hit,511
vp08,bruin,large,dark,hit,554
vp08,turkoois,small,dark,hit,677
vp08,geel,small,dark,hit,568
vp08,bruin,small,dark,hit,537
vp08,wit,small,dark,hit,557
vp08,purper,small,dark,hit,633
vp08,rood,small,dark,hit,608
vp08,blauw,small,dark,hit,632
vp08,zwart,small,dark,hit,557
vp08,rood,small,dark,hit,565
vp08,geel,small,dark,hit,559
vp08,zwart,small,dark,hit,508
vp08,wit,small,dark,hit,693
vp08,oranje,small,dark,hit,565
vp08,turkoois,small,dark,hit,561
vp08,purper,small,dark,hit,696
vp08,groen,small,dark,hit,500
vp08,blauw,small,dark,hit,439
vp08,groen,small,dark,hit,712
vp08,oranje,small,dark,hit,487
vp08,bruin,small,dark,hit,681
vp09,rood,large,bright,hit,575
vp09,wit,large,bright,hit,566
vp09,groen,large,bright,hit,565
vp09,zwart,large,bright,hit,664
vp09,turkoois,large,bright,hit,675
vp09,geel,large,bright,hit,513
vp09,blauw,large,bright,hit,653
vp09,groen,large,bright,hit,754
vp09,oranje,large,bright,hit,614
vp09,rood,large,bright,hit,598
vp09,wit,large,bright,hit,520
vp09,bruin,large,bright,hit,597
vp09,blauw,large,bright,hit,611
vp09,purper,large,bright,hit,848
vp09,bruin,large,bright,hit,559
vp09,turkoois,large,bright,hit,940
vp09,zwart,large,bright,hit,770
vp09,oranje,large,bright,hit,601
vp09,purper,large,bright,hit,612
vp09,geel,large,bright,miss,
vp09,rood,small,bright,hit,781
vp09,groen,small,bright,hit,659
vp09,wit,small,bright,hit,758
vp09,purper,small,bright,hit,487
vp09,blauw,small,bright,hit,607
vp09,geel,small,bright,hit,745
vp09,turkoois,small,bright,hit,748
vp09,groen,small,bright,hit,629
vp09,oranje,small,bright,hit,783
vp09,zwart,small,bright,hit,719
vp09,blauw,small,bright,hit,684
vp09,zwart,small,bright,hit,806
vp09,geel,small,bright,hit,517
vp09,purper,small,bright,hit,790
vp09,bruin,small,bright,hit,668
vp09,bruin,small,bright,hit,889
vp09,rood,small,bright,hit,904
vp09,wit,small,bright,hit,697
vp09,oranje,small,bright,hit,586
vp09,turkoois,small,bright,miss,
vp09,rood,large,dark,hit,567
vp09,wit,large,dark,hit,487
vp09,wit,large,dark,hit,657
vp09,turkoois,large,dark,hit,789
vp09,groen,large,dark,hit,558
vp09,rood,large,dark,hit,601
vp09,geel,large,dark,hit,502
vp09,turkoois,large,dark,hit,990
vp09,zwart,large,dark,hit,531
vp09,blauw,large,dark,hit,622
vp09,groen,large,dark,hit,512
vp09,blauw,large,dark,hit,609
vp09,bruin,large,dark,hit,550
vp09,purper,large,dark,hit,564
vp09,bruin,large,dark,hit,633
vp09,geel,large,dark,hit,505
vp09,oranje,large,dark,hit,536
vp09,oranje,large,dark,hit,667
vp09,zwart,large,dark,hit,552
vp09,purper,large,dark,hit,547
vp09,wit,small,dark,hit,676
vp09,blauw,small,dark,hit,470
vp09,purper,small,dark,hit,788
vp09,purper,small,dark,hit,533
vp09,wit,small,dark,hit,556
vp09,oranje,small,dark,hit,528
vp09,rood,small,dark,hit,568
vp09,zwart,small,dark,hit,826
vp09,zwart,small,dark,hit,547
vp09,bruin,small,dark,hit,676
vp09,geel,small,dark,hit,619
vp09,bruin,small,dark,hit,592
vp09,blauw,small,dark,hit,543
vp09,oranje,small,dark,hit,547
vp09,groen,small,dark,hit,538
vp09,geel,small,dark,hit,573
vp09,rood,small,dark,hit,591
vp09,groen,small,dark,hit,470
vp09,turkoois,small,dark,hit,709
vp09,turkoois,small,dark,miss,
vp10,wit,large,bright,miss,
vp10,blauw,large,bright,hit,686
vp10,wit,large,bright,hit,593
vp10,rood,large,bright,hit,566
vp10,groen,large,bright,hit,695
vp10,bruin,large,bright,hit,698
vp10,zwart,large,bright,hit,529
vp10,turkoois,large,bright,hit,645
vp10,bruin,large,bright,hit,716
vp10,blauw,large,bright,hit,649
vp10,turkoois,large,bright,hit,703
vp10,geel,large,bright,hit,621
vp10,oranje,large,bright,hit,647
vp10,geel,large,bright,hit,786
vp10,zwart,large,bright,hit,611
vp10,oranje,large,bright,hit,622
vp10,groen,large,bright,hit,702
vp10,purper,large,bright,hit,530
vp10,purper,large,bright,hit,841
vp10,rood,large,bright,hit,655
vp10,zwart,small,bright,hit,891
vp10,zwart,small,bright,hit,789
vp10,oranje,small,bright,hit,707
vp10,turkoois,small,bright,hit,754
vp10,blauw,small,bright,hit,843
vp10,rood,small,bright,hit,966
vp10,oranje,small,bright,hit,819
vp10,bruin,small,bright,hit,690
vp10,wit,small,bright,hit,745
vp10,wit,small,bright,hit,874
vp10,groen,small,bright,hit,876
vp10,rood,small,bright,hit,846
vp10,geel,small,bright,hit,741
vp10,blauw,small,bright,hit,761
vp10,bruin,small,bright,hit,769
vp10,groen,small,bright,hit,742
vp10,purper,small,bright,miss,
vp10,purper,small,bright,miss,
vp10,turkoois,small,bright,miss,
vp10,geel,small,bright,miss,
vp10,wit,large,dark,hit,775
vp10,turkoois,large,dark,hit,683
vp10,groen,large,dark,hit,818
vp10,geel,large,dark,hit,557
vp10,blauw,large,dark,hit,538
vp10,purper,large,dark,hit,586
vp10,geel,large,dark,hit,573
vp10,purper,large,dark,hit,773
vp10,zwart,large,dark,hit,550
vp10,rood,large,dark,hit,762
vp10,blauw,large,dark,hit,578
vp10,zwart,large,dark,hit,662
vp10,oranje,large,dark,hit,479
vp10,bruin,large,dark,hit,526
vp10,wit,large,dark,hit,688
vp10,bruin,large,dark,hit,496
vp10,groen,large,dark,hit,647
vp10,oranje,large,dark,hit,657
vp10,rood,large,dark,miss,
vp10,turkoois,large,dark,miss,
vp10,blauw,small,dark,hit,510
vp10,zwart,small,dark,hit,681
vp10,geel,small,dark,hit,730
vp10,purper,small,dark,hit,947
vp10,oranje,small,dark,hit,556
vp10,turkoois,small,dark,hit,653
vp10,wit,small,dark,hit,447
vp10,groen,small,dark,hit,553
vp10,zwart,small,dark,hit,609
vp10,bruin,small,dark,hit,531
vp10,wit,small,dark,hit,777
vp10,blauw,small,dark,hit,547
vp10,purper,small,dark,hit,661
vp10,rood,small,dark,hit,625
vp10,turkoois,small,dark,hit,790
vp10,groen,small,dark,hit,704
vp10,rood,small,dark,hit,815
vp10,bruin,small,dark,hit,559
vp10,oranje,small,dark,miss,
vp10,geel,small,dark,miss,
vp11,blauw,large,bright,hit,471
vp11,wit,large,bright,hit,521
vp11,groen,large,bright,hit,471
vp11,geel,large,bright,hit,406
vp11,zwart,large,bright,hit,511
vp11,turkoois,large,bright,hit,557
vp11,purper,large,bright,hit,523
vp11,blauw,large,bright,hit,444
vp11,rood,large,bright,hit,551
vp11,bruin,large,bright,hit,509
vp11,turkoois,large,bright,hit,616
vp11,oranje,large,bright,hit,417
vp11,rood,large,bright,hit,532
vp11,bruin,large,bright,hit,521
vp11,purper,large,bright,hit,742
vp11,wit,large,bright,hit,544
vp11,geel,large,bright,hit,478
vp11,groen,large,bright,hit,552
vp11,oranje,large,bright,hit,502
vp11,zwart,large,bright,miss,
vp11,wit,small,bright,hit,525
vp11,groen,small,bright,hit,484
vp11,zwart,small,bright,hit,515
vp11,zwart,small,bright,hit,512
vp11,blauw,small,bright,hit,567
vp11,turkoois,small,bright,hit,683
vp11,bruin,small,bright,hit,445
vp11,bruin,small,bright,hit,668
vp11,turkoois,small,bright,hit,532
vp11,purper,small,bright,hit,600
vp11,oranje,small,bright,hit,585
vp11,wit,small,bright,hit,520
vp11,blauw,small,bright,hit,542
vp11,purper,small,bright,hit,886
vp11,oranje,small,bright,hit,429
vp11,geel,small,bright,hit,608
vp11,rood,small,bright,hit,576
vp11,groen,small,bright,hit,600
vp11,rood,small,bright,hit,541
vp11,geel,small,bright,miss,
vp11,zwart,large,dark,hit,544
vp11,wit,large,dark,hit,381
vp11,wit,large,dark,hit,399
vp11,rood,large,dark,hit,464
vp11,bruin,large,dark,hit,464
vp11,geel,large,dark,hit,507
vp11,purper,large,dark,hit,642
vp11,bruin,large,dark,hit,544
vp11,turkoois,large,dark,hit,639
vp11,purper,large,dark,hit,465
vp11,zwart,large,dark,hit,468
vp11,geel,large,dark,hit,603
vp11,rood,large,dark,hit,551
vp11,blauw,large,dark,hit,529
vp11,turkoois,large,dark,hit,537
vp11,oranje,large,dark,hit,507
vp11,groen,large,dark,hit,457
vp11,oranje,large,dark,hit,529
vp11,groen,large,dark,hit,453
vp11,blauw,large,dark,hit,372
vp11,oranje,small,dark,hit,474
vp11,geel,small,dark,hit,481
vp11,wit,small,dark,hit,454
vp11,turkoois,small,dark,hit,520
vp11,zwart,small,dark,hit,461
vp11,geel,small,dark,hit,651
vp11,blauw,small,dark,hit,483
vp11,bruin,small,dark,hit,471
vp11,blauw,small,dark,hit,515
vp11,zwart,small,dark,hit,479
vp11,groen,small,dark,hit,547
vp11,turkoois,small,dark,hit,559
vp11,wit,small,dark,hit,392
vp11,purper,small,dark,hit,534
vp11,bruin,small,dark,hit,476
vp11,rood,small,dark,hit,622
vp11,rood,small,dark,hit,475
vp11,oranje,small,dark,hit,478
vp11,purper,small,dark,hit,531
vp11,groen,small,dark,hit,405
vp12,blauw,large,bright,hit,487
vp12,rood,large,bright,hit,498
vp12,geel,large,bright,hit,491
vp12,bruin,large,bright,hit,523
vp12,wit,large,bright,hit,569
vp12,groen,large,bright,hit,490
vp12,bruin,large,bright,hit,505
vp12,zwart,large,bright,hit,476
vp12,blauw,large,bright,hit,589
vp12,purper,large,bright,hit,870
vp12,groen,large,bright,hit,554
vp12,turkoois,large,bright,hit,790
vp12,turkoois,large,bright,hit,506
vp12,purper,large,bright,hit,620
vp12,rood,large,bright,hit,481
vp12,zwart,large,bright,hit,563
vp12,wit,large,bright,hit,589
vp12,oranje,large,bright,hit,516
vp12,geel,large,bright,hit,579
vp12,oranje,large,bright,hit,527
vp12,groen,small,bright,hit,593
vp12,geel,small,bright,hit,556
vp12,bruin,small,bright,hit,567
vp12,oranje,small,bright,hit,553
vp12,purper,small,bright,hit,648
vp12,rood,small,bright,hit,519
vp12,rood,small,bright,hit,494
vp12,wit,small,bright,hit,675
vp12,blauw,small,bright,hit,568
vp12,zwart,small,bright,hit,481
vp12,zwart,small,bright,hit,523
vp12,blauw,small,bright,hit,622
vp12,turkoois,small,bright,hit,710
vp12,groen,small,bright,hit,613
vp12,purper,small,bright,hit,716
vp12,wit,small,bright,hit,604
vp12,geel,small,bright,hit,521
vp12,turkoois,small,bright,hit,696
vp12,bruin,small,bright,hit,644
vp12,oranje,small,bright,hit,556
vp12,oranje,large,dark,hit,556
vp12,bruin,large,dark,hit,522
vp12,blauw,large,dark,hit,512
vp12,purper,large,dark,hit,787
vp12,turkoois,large,dark,hit,826
vp12,zwart,large,dark,hit,485
vp12,zwart,large,dark,hit,472
vp12,oranje,large,dark,hit,504
vp12,rood,large,dark,hit,463
vp12,groen,large,dark,hit,426
vp12,bruin,large,dark,hit,535
vp12,blauw,large,dark,hit,467
vp12,geel,large,dark,hit,537
vp12,geel,large,dark,hit,515
vp12,wit,large,dark,hit,429
vp12,rood,large,dark,hit,502
vp12,groen,large,dark,hit,558
vp12,purper,large,dark,hit,545
vp12,wit,large,dark,hit,428
vp12,turkoois,large,dark,hit,649
vp12,oranje,small,dark,hit,510
vp12,groen,small,dark,hit,630
vp12,wit,small,dark,hit,542
vp12,blauw,small,dark,hit,471
vp12,zwart,small,dark,hit,507
vp12,geel,small,dark,hit,490
vp12,turkoois,small,dark,hit,649
vp12,zwart,small,dark,hit,453
vp12,groen,small,dark,hit,617
vp12,blauw,small,dark,hit,475
vp12,turkoois,small,dark,hit,627
vp12,rood,small,dark,hit,533
vp12,geel,small,dark,hit,530
vp12,wit,small,dark,hit,524
vp12,bruin,small,dark,hit,469
vp12,bruin,small,dark,hit,575
vp12,purper,small,dark,hit,674
vp12,oranje,small,dark,hit,544
vp12,purper,small,dark,hit,544
vp12,rood,small,dark,hit,542
vp13,groen,large,bright,hit,611
vp13,blauw,large,bright,hit,492
vp13,bruin,large,bright,hit,655
vp13,turkoois,large,bright,hit,583
vp13,wit,large,bright,hit,504
vp13,groen,large,bright,hit,477
vp13,zwart,large,bright,hit,684
vp13,geel,large,bright,hit,612
vp13,rood,large,bright,hit,602
vp13,geel,large,bright,hit,559
vp13,purper,large,bright,hit,733
vp13,turkoois,large,bright,hit,768
vp13,bruin,large,bright,hit,598
vp13,oranje,large,bright,hit,567
vp13,zwart,large,bright,hit,576
vp13,purper,large,bright,hit,683
vp13,blauw,large,bright,hit,578
vp13,oranje,large,bright,hit,579
vp13,wit,large,bright,hit,473
vp13,rood,large,bright,hit,528
vp13,rood,small,bright,hit,721
vp13,zwart,small,bright,hit,688
vp13,blauw,small,bright,hit,751
vp13,bruin,small,bright,hit,663
vp13,oranje,small,bright,hit,650
vp13,geel,small,bright,hit,775
vp13,groen,small,bright,hit,743
vp13,groen,small,bright,hit,603
vp13,purper,small,bright,hit,907
vp13,wit,small,bright,hit,854
vp13,geel,small,bright,hit,797
vp13,turkoois,small,bright,hit,840
vp13,purper,small,bright,hit,667
vp13,zwart,small,bright,hit,925
vp13,bruin,small,bright,hit,704
vp13,blauw,small,bright,hit,751
vp13,oranje,small,bright,hit,645
vp13,turkoois,small,bright,hit,765
vp13,rood,small,bright,hit,806
vp13,wit,small,bright,miss,
vp13,zwart,large,dark,hit,474
vp13,blauw,large,dark,hit,435
vp13,wit,large,dark,hit,516
vp13,purper,large,dark,hit,467
vp13,groen,large,dark,hit,420
vp13,groen,large,dark,hit,487
vp13,rood,large,dark,hit,485
vp13,blauw,large,dark,hit,791
vp13,wit,large,dark,hit,415
vp13,bruin,large,dark,hit,564
vp13,oranje,large,dark,hit,383
vp13,zwart,large,dark,hit,505
vp13,geel,large,dark,hit,556
vp13,rood,large,dark,hit,479
vp13,turkoois,large,dark,hit,659
vp13,geel,large,dark,hit,464
vp13,turkoois,large,dark,hit,513
vp13,purper,large,dark,hit,536
vp13,bruin,large,dark,hit,651
vp13,oranje,large,dark,hit,482
vp13,turkoois,small,dark,hit,935
vp13,rood,small,dark,hit,534
vp13,oranje,small,dark,hit,554
vp13,wit,small,dark,hit,512
vp13,purper,small,dark,hit,577
vp13,blauw,small,dark,hit,367
vp13,zwart,small,dark,hit,430
vp13,zwart,small,dark,hit,491
vp13,wit,small,dark,hit,418
vp13,rood,small,dark,hit,560
vp13,groen,small,dark,hit,416
vp13,bruin,small,dark,hit,638
vp13,oranje,small,dark,hit,591
vp13,groen,small,dark,hit,513
vp13,geel,small,dark,hit,611
vp13,purper,small,dark,hit,705
vp13,turkoois,small,dark,hit,707
vp13,geel,small,dark,hit,564
vp13,blauw,small,dark,hit,444
vp13,bruin,small,dark,hit,509
vp14,blauw,large,bright,hit,582
vp14,zwart,large,bright,hit,589
vp14,blauw,large,bright,hit,942
vp14,bruin,large,bright,hit,511
vp14,geel,large,bright,hit,658
vp14,groen,large,bright,hit,568
vp14,wit,large,bright,hit,525
vp14,rood,large,bright,hit,535
vp14,purper,large,bright,hit,590
vp14,turkoois,large,bright,hit,618
vp14,turkoois,large,bright,hit,596
vp14,bruin,large,bright,hit,575
vp14,oranje,large,bright,hit,578
vp14,rood,large,bright,hit,522
vp14,oranje,large,bright,hit,511
vp14,zwart,large,bright,hit,517
vp14,geel,large,bright,hit,588
vp14,groen,large,bright,hit,562
vp14,wit,large,bright,hit,581
vp14,purper,large,bright,miss,
vp14,blauw,small,bright,hit,781
vp14,groen,small,bright,hit,645
vp14,purper,small,bright,hit,779
vp14,wit,small,bright,hit,646
vp14,oranje,small,bright,hit,800
vp14,bruin,small,bright,hit,655
vp14,blauw,small,bright,hit,720
vp14,zwart,small,bright,hit,643
vp14,wit,small,bright,hit,617
vp14,rood,small,bright,hit,538
vp14,bruin,small,bright,hit,680
vp14,zwart,small,bright,hit,673
vp14,geel,small,bright,hit,497
vp14,oranje,small,bright,hit,598
vp14,turkoois,small,bright,hit,664
vp14,groen,small,bright,hit,697
vp14,geel,small,bright,hit,895
vp14,purper,small,bright,miss,
vp14,rood,small,bright,miss,
vp14,turkoois,small,bright,miss,
vp14,groen,large,dark,hit,509
vp14,rood,large,dark,hit,495
vp14,purper,large,dark,hit,726
vp14,blauw,large,dark,hit,543
vp14,rood,large,dark,hit,493
vp14,bruin,large,dark,hit,476
vp14,turkoois,large,dark,hit,680
vp14,geel,large,dark,hit,626
vp14,oranje,large,dark,hit,508
vp14,geel,large,dark,hit,558
vp14,zwart,large,dark,hit,482
vp14,purper,large,dark,hit,545
vp14,groen,large,dark,hit,516
vp14,wit,large,dark,hit,607
vp14,wit,large,dark,hit,555
vp14,zwart,large,dark,hit,500
vp14,bruin,large,dark,hit,815
vp14,blauw,large,dark,hit,569
vp14,turkoois,large,dark,hit,634
vp14,oranje,large,dark,hit,553
vp14,turkoois,small,dark,hit,859
vp14,rood,small,dark,hit,439
vp14,wit,small,dark,hit,496
vp14,groen,small,dark,hit,472
vp14,bruin,small,dark,hit,502
vp14,zwart,small,dark,hit,510
vp14,purper,small,dark,hit,456
vp14,geel,small,dark,hit,543
vp14,blauw,small,dark,hit,530
vp14,groen,small,dark,hit,616
vp14,oranje,small,dark,hit,488
vp14,zwart,small,dark,hit,565
vp14,purper,small,dark,hit,643
vp14,turkoois,small,dark,hit,742
vp14,blauw,small,dark,hit,701
vp14,wit,small,dark,hit,587
vp14,geel,small,dark,hit,600
vp14,oranje,small,dark,hit,612
vp14,bruin,small,dark,hit,423
vp14,rood,small,dark,miss,
vp15,rood,large,bright,hit,590
vp15,turkoois,large,bright,hit,716
vp15,oranje,large,bright,hit,567
vp15,purper,large,bright,hit,732
vp15,blauw,large,bright,hit,644
vp15,rood,large,bright,hit,521
vp15,wit,large,bright,hit,670
vp15,oranje,large,bright,hit,583
vp15,blauw,large,bright,hit,571
vp15,groen,large,bright,hit,682
vp15,zwart,large,bright,hit,559
vp15,zwart,large,bright,hit,772
vp15,turkoois,large,bright,hit,666
vp15,wit,large,bright,hit,563
vp15,geel,large,bright,hit,563
vp15,bruin,large,bright,hit,533
vp15,purper,large,bright,hit,648
vp15,geel,large,bright,hit,456
vp15,bruin,large,bright,hit,573
vp15,groen,large,bright,miss,
vp15,groen,small,bright,hit,870
vp15,geel,small,bright,hit,627
vp15,blauw,small,bright,hit,723
vp15,bruin,small,bright,hit,595
vp15,geel,small,bright,hit,656
vp15,wit,small,bright,hit,765
vp15,bruin,small,bright,hit,670
vp15,zwart,small,bright,hit,665
vp15,oranje,small,bright,hit,638
vp15,rood,small,bright,hit,700
vp15,groen,small,bright,hit,718
vp15,wit,small,bright,hit,758
vp15,rood,small,bright,hit,510
vp15,turkoois,small,bright,hit,745
vp15,oranje,small,bright,hit,514
vp15,purper,small,bright,hit,743
vp15,blauw,small,bright,hit,994
vp15,turkoois,small,bright,hit,559
vp15,zwart,small,bright,hit,774
vp15,purper,small,bright,miss,
vp15,blauw,large,dark,hit,901
vp15,bruin,large,dark,hit,558
vp15,turkoois,large,dark,hit,615
vp15,groen,large,dark,hit,574
vp15,rood,large,dark,hit,596
vp15,geel,large,dark,hit,593
vp15,zwart,large,dark,hit,603
vp15,oranje,large,dark,hit,626
vp15,geel,large,dark,hit,576
vp15,turkoois,large,dark,hit,629
vp15,wit,large,dark,hit,557
vp15,purper,large,dark,hit,546
vp15,purper,large,dark,hit,631
vp15,oranje,large,dark,hit,522
vp15,blauw,large,dark,hit,558
vp15,groen,large,dark,hit,558
vp15,bruin,large,dark,hit,584
vp15,rood,large,dark,hit,477
vp15,wit,large,dark,hit,473
vp15,zwart,large,dark,miss,
vp15,turkoois,small,dark,hit,709
vp15,geel,small,dark,hit,685
vp15,geel,small,dark,hit,607
vp15,rood,small,dark,hit,646
vp15,zwart,small,dark,hit,507
vp15,bruin,small,dark,hit,671
vp15,turkoois,small,dark,hit,661
vp15,wit,small,dark,hit,766
vp15,wit,small,dark,hit,555
vp15,blauw,small,dark,hit,547
vp15,groen,small,dark,hit,719
vp15,purper,small,dark,hit,610
vp15,purper,small,dark,hit,569
vp15,zwart,small,dark,hit,519
vp15,bruin,small,dark,hit,604
vp15,groen,small,dark,hit,649
vp15,oranje,small,dark,hit,573
vp15,rood,small,dark,hit,550
vp15,blauw,small,dark,hit,737
vp15,oranje,small,dark,hit,566
vp16,bruin,large,bright,hit,552
vp16,turkoois,large,bright,hit,736
vp16,geel,large,bright,hit,629
vp16,groen,large,bright,hit,681
vp16,wit,large,bright,hit,918
vp16,zwart,large,bright,hit,501
vp16,geel,large,bright,hit,535
vp16,rood,large,bright,hit,477
vp16,purper,large,bright,hit,851
vp16,rood,large,bright,hit,516
vp16,blauw,large,bright,hit,501
vp16,blauw,large,bright,hit,545
vp16,groen,large,bright,hit,530
vp16,zwart,large,bright,hit,444
vp16,bruin,large,bright,hit,539
vp16,purper,large,bright,hit,581
vp16,oranje,large,bright,hit,616
vp16,wit,large,bright,hit,688
vp16,turkoois,large,bright,hit,709
vp16,oranje,large,bright,hit,511
vp16,zwart,small,bright,hit,871
vp16,purper,small,bright,hit,609
vp16,oranje,small,bright,hit,547
vp16,rood,small,bright,hit,658
vp16,wit,small,bright,hit,572
vp16,geel,small,bright,hit,631
vp16,zwart,small,bright,hit,578
vp16,wit,small,bright,hit,623
vp16,purper,small,bright,hit,787
vp16,groen,small,bright,hit,876
vp16,turkoois,small,bright,hit,680
vp16,oranje,small,bright,hit,531
vp16,rood,small,bright,hit,858
vp16,bruin,small,bright,hit,603
vp16,bruin,small,bright,hit,625
vp16,geel,small,bright,hit,688
vp16,blauw,small,bright,hit,762
vp16,groen,small,bright,hit,811
vp16,blauw,small,bright,hit,540
vp16,turkoois,small,bright,miss,
vp16,purper,large,dark,hit,850
vp16,turkoois,large,dark,hit,721
vp16,groen,large,dark,hit,512
vp16,wit,large,dark,hit,802
vp16,purper,large,dark,hit,680
vp16,oranje,large,dark,hit,579
vp16,blauw,large,dark,hit,538
vp16,rood,large,dark,hit,610
vp16,bruin,large,dark,hit,576
vp16,blauw,large,dark,hit,538
vp16,groen,large,dark,hit,599
vp16,zwart,large,dark,hit,478
vp16,zwart,large,dark,hit,503
vp16,geel,large,dark,hit,617
vp16,wit,large,dark,hit,583
vp16,rood,large,dark,hit,575
vp16,turkoois,large,dark,hit,616
vp16,bruin,large,dark,hit,494
vp16,oranje,large,dark,hit,661
vp16,geel,large,dark,miss,
vp16,blauw,small,dark,hit,668
vp16,geel,small,dark,hit,554
vp16,zwart,small,dark,hit,487
vp16,geel,small,dark,hit,429
vp16,bruin,small,dark,hit,874
vp16,oranje,small,dark,hit,584
vp16,bruin,small,dark,hit,497
vp16,rood,small,dark,hit,512
vp16,zwart,small,dark,hit,442
vp16,purper,small,dark,hit,567
vp16,turkoois,small,dark,hit,599
vp16,rood,small,dark,hit,647
vp16,purper,small,dark,hit,657
vp16,groen,small,dark,hit,468
vp16,turkoois,small,dark,hit,676
vp16,wit,small,dark,hit,498
vp16,wit,small,dark,hit,431
vp16,blauw,small,dark,hit,494
vp16,groen,small,dark,hit,493
vp16,oranje,small,dark,hit,445
vp17,geel,large,bright,hit,569
vp17,turkoois,large,bright,hit,914
vp17,zwart,large,bright,hit,493
vp17,groen,large,bright,hit,546
vp17,purper,large,bright,hit,640
vp17,wit,large,bright,hit,712
vp17,zwart,large,bright,hit,492
vp17,rood,large,bright,hit,502
vp17,oranje,large,bright,hit,531
vp17,groen,large,bright,hit,528
vp17,wit,large,bright,hit,593
vp17,purper,large,bright,hit,621
vp17,rood,large,bright,hit,558
vp17,bruin,large,bright,hit,587
vp17,blauw,large,bright,hit,518
vp17,oranje,large,bright,hit,512
vp17,bruin,large,bright,hit,555
vp17,turkoois,large,bright,hit,599
vp17,blauw,large,bright,hit,532
vp17,geel,large,bright,hit,544
vp17,oranje,small,bright,hit,532
vp17,rood,small,bright,hit,841
vp17,rood,small,bright,hit,768
vp17,geel,small,bright,hit,678
vp17,oranje,small,bright,hit,676
vp17,zwart,small,bright,hit,775
vp17,groen,small,bright,hit,658
vp17,geel,small,bright,hit,768
vp17,wit,small,bright,hit,811
vp17,blauw,small,bright,hit,716
vp17,purper,small,bright,hit,593
vp17,zwart,small,bright,hit,714
vp17,bruin,small,bright,hit,644
vp17,groen,small,bright,hit,666
vp17,blauw,small,bright,hit,663
vp17,purper,small,bright,hit,929
vp17,turkoois,small,bright,miss,
vp17,zwart,small,bright,miss,
vp17,bruin,small,bright,miss,
vp17,turkoois,small,bright,miss,
vp17,oranje,large,dark,hit,592
vp17,purper,large,dark,hit,656
vp17,groen,large,dark,hit,468
vp17,blauw,large,dark,hit,590
vp17,blauw,large,dark,hit,529
vp17,zwart,large,dark,hit,478
vp17,groen,large,dark,hit,419
vp17,rood,large,dark,hit,554
vp17,bruin,large,dark,hit,570
vp17,zwart,large,dark,hit,537
vp17,geel,large,dark,hit,463
vp17,wit,large,dark,hit,596
vp17,geel,large,dark,hit,498
vp17,oranje,large,dark,hit,522
vp17,wit,large,dark,hit,402
vp17,purper,large,dark,hit,568
vp17,rood,large,dark,hit,466
vp17,turkoois,large,dark,hit,671
vp17,turkoois,large,dark,hit,608
vp17,bruin,large,dark,hit,722
vp17,oranje,small,dark,hit,834
vp17,wit,small,dark,hit,565
vp17,oranje,small,dark,hit,585
vp17,purper,small,dark,hit,834
vp17,bruin,small,dark,hit,586
vp17,purper,small,dark,hit,573
vp17,geel,small,dark,hit,520
vp17,turkoois,small,dark,hit,606
vp17,rood,small,dark,hit,508
vp17,groen,small,dark,hit,478
vp17,blauw,small,dark,hit,478
vp17,wit,small,dark,hit,520
vp17,groen,small,dark,hit,448
vp17,rood,small,dark,hit,504
vp17,bruin,small,dark,hit,612
vp17,zwart,small,dark,hit,513
vp17,zwart,small,dark,hit,503
vp17,turkoois,small,dark,hit,507
vp17,geel,small,dark,hit,810
vp17,blauw,small,dark,hit,485
vp18,purper,large,bright,hit,769
vp18,wit,large,bright,hit,547
vp18,groen,large,bright,hit,557
vp18,turkoois,large,bright,hit,777
vp18,zwart,large,bright,hit,684
vp18,wit,large,bright,hit,660
vp18,geel,large,bright,hit,579
vp18,blauw,large,bright,hit,647
vp18,blauw,large,bright,hit,611
vp18,turkoois,large,bright,hit,664
vp18,oranje,large,bright,hit,561
vp18,zwart,large,bright,hit,524
vp18,groen,large,bright,hit,667
vp18,purper,large,bright,hit,669
vp18,geel,large,bright,hit,605
vp18,rood,large,bright,hit,591
vp18,bruin,large,bright,hit,564
vp18,bruin,large,bright,hit,580
vp18,oranje,large,bright,hit,511
vp18,rood,large,bright,hit,504
vp18,geel,small,bright,hit,666
vp18,turkoois,small,bright,hit,872
vp18,bruin,small,bright,hit,660
vp18,blauw,small,bright,hit,667
vp18,zwart,small,bright,hit,681
vp18,geel,small,bright,hit,670
vp18,turkoois,small,bright,hit,749
vp18,oranje,small,bright,hit,796
vp18,purper,small,bright,hit,768
vp18,bruin,small,bright,hit,762
vp18,zwart,small,bright,hit,605
vp18,wit,small,bright,hit,611
vp18,blauw,small,bright,hit,610
vp18,oranje,small,bright,hit,616
vp18,rood,small,bright,hit,543
vp18,groen,small,bright,hit,699
vp18,wit,small,bright,hit,731
vp18,purper,small,bright,hit,963
vp18,rood,small,bright,hit,722
vp18,groen,small,bright,miss,
vp18,groen,large,dark,hit,589
vp18,oranje,large,dark,hit,573
vp18,bruin,large,dark,hit,636
vp18,geel,large,dark,hit,527
vp18,geel,large,dark,hit,556
vp18,blauw,large,dark,hit,585
vp18,rood,large,dark,hit,546
vp18,zwart,large,dark,hit,543
vp18,rood,large,dark,hit,565
vp18,wit,large,dark,hit,527
vp18,zwart,large,dark,hit,541
vp18,purper,large,dark,hit,648
vp18,purper,large,dark,hit,725
vp18,oranje,large,dark,hit,637
vp18,turkoois,large,dark,hit,596
vp18,groen,large,dark,hit,525
vp18,wit,large,dark,hit,462
vp18,blauw,large,dark,hit,522
vp18,turkoois,large,dark,hit,587
vp18,bruin,large,dark,hit,579
vp18,wit,small,dark,hit,680
vp18,rood,small,dark,hit,589
vp18,turkoois,small,dark,hit,585
vp18,wit,small,dark,hit,682
vp18,bruin,small,dark,hit,546
vp18,blauw,small,dark,hit,600
vp18,zwart,small,dark,hit,553
vp18,geel,small,dark,hit,641
vp18,purper,small,dark,hit,653
vp18,zwart,small,dark,hit,576
vp18,groen,small,dark,hit,582
vp18,blauw,small,dark,hit,509
vp18,geel,small,dark,hit,653
vp18,purper,small,dark,hit,672
vp18,rood,small,dark,hit,526
vp18,oranje,small,dark,hit,834
vp18,groen,small,dark,hit,562
vp18,turkoois,small,dark,hit,642
vp18,bruin,small,dark,hit,630
vp18,oranje,small,dark,hit,510
vp19,oranje,large,bright,hit,595
vp19,turkoois,large,bright,hit,938
vp19,purper,large,bright,hit,552
vp19,blauw,large,bright,hit,506
vp19,bruin,large,bright,hit,506
vp19,geel,large,bright,hit,523
vp19,blauw,large,bright,hit,480
vp19,groen,large,bright,hit,416
vp19,rood,large,bright,hit,480
vp19,groen,large,bright,hit,506
vp19,zwart,large,bright,hit,526
vp19,turkoois,large,bright,hit,562
vp19,wit,large,bright,hit,531
vp19,oranje,large,bright,hit,552
vp19,purper,large,bright,hit,529
vp19,geel,large,bright,hit,515
vp19,bruin,large,bright,hit,507
vp19,rood,large,bright,hit,477
vp19,zwart,large,bright,hit,493
vp19,wit,large,bright,miss,
vp19,geel,small,bright,hit,625
vp19,bruin,small,bright,hit,747
vp19,turkoois,small,bright,hit,614
vp19,bruin,small,bright,hit,549
vp19,oranje,small,bright,hit,571
vp19,wit,small,bright,hit,831
vp19,rood,small,bright,hit,481
vp19,oranje,small,bright,hit,507
vp19,blauw,small,bright,hit,500
vp19,zwart,small,bright,hit,557
vp19,wit,small,bright,hit,470
vp19,zwart,small,bright,hit,527
vp19,rood,small,bright,hit,581
vp19,groen,small,bright,hit,610
vp19,groen,small,bright,hit,661
vp19,purper,small,bright,hit,573
vp19,geel,small,bright,hit,557
vp19,blauw,small,bright,hit,566
vp19,turkoois,small,bright,miss,
vp19,purper,small,bright,miss,
vp19,geel,large,dark,hit,597
vp19,zwart,large,dark,hit,678
vp19,purper,large,dark,hit,744
vp19,wit,large,dark,hit,455
vp19,turkoois,large,dark,hit,508
vp19,groen,large,dark,hit,499
vp19,turkoois,large,dark,hit,557
vp19,bruin,large,dark,hit,557
vp19,blauw,large,dark,hit,471
vp19,wit,large,dark,hit,450
vp19,oranje,large,dark,hit,477
vp19,rood,large,dark,hit,527
vp19,groen,large,dark,hit,475
vp19,purper,large,dark,hit,547
vp19,oranje,large,dark,hit,455
vp19,geel,large,dark,hit,417
vp19,bruin,large,dark,hit,546
vp19,zwart,large,dark,hit,429
vp19,rood,large,dark,hit,473
vp19,blauw,large,dark,hit,505
vp19,wit,small,dark,hit,503
vp19,rood,small,dark,hit,628
vp19,blauw,small,dark,hit,459
vp19,oranje,small,dark,hit,552
vp19,blauw,small,dark,hit,488
vp19,groen,small,dark,hit,648
vp19,zwart,small,dark,hit,526
vp19,geel,small,dark,hit,483
vp19,oranje,small,dark,hit,477
vp19,groen,small,dark,hit,519
vp19,purper,small,dark,hit,521
vp19,wit,small,dark,hit,436
vp19,bruin,small,dark,hit,541
vp19,purper,small,dark,hit,618
vp19,zwart,small,dark,hit,424
vp19,turkoois,small,dark,hit,563
vp19,geel,small,dark,hit,422
vp19,rood,small,dark,hit,468
vp19,bruin,small,dark,hit,442
vp19,turkoois,small,dark,hit,542
vp20,wit,large,bright,hit,808
vp20,rood,large,bright,hit,866
vp20,groen,large,bright,hit,590
vp20,bruin,large,bright,hit,702
vp20,zwart,large,bright,hit,548
vp20,oranje,large,bright,hit,712
vp20,zwart,large,bright,hit,562
vp20,bruin,large,bright,hit,614
vp20,turkoois,large,bright,hit,684
vp20,purper,large,bright,hit,618
vp20,wit,large,bright,hit,759
vp20,blauw,large,bright,hit,784
vp20,geel,large,bright,hit,647
vp20,blauw,large,bright,hit,632
vp20,geel,large,bright,hit,606
vp20,rood,large,bright,hit,552
vp20,groen,large,bright,hit,527
vp20,oranje,large,bright,hit,550
vp20,turkoois,large,bright,hit,636
vp20,purper,large,bright,hit,719
vp20,zwart,small,bright,hit,682
vp20,geel,small,bright,hit,582
vp20,blauw,small,bright,hit,609
vp20,purper,small,bright,hit,651
vp20,oranje,small,bright,hit,720
vp20,geel,small,bright,hit,627
vp20,bruin,small,bright,hit,626
vp20,blauw,small,bright,hit,923
vp20,zwart,small,bright,hit,643
vp20,bruin,small,bright,hit,738
vp20,wit,small,bright,hit,666
vp20,wit,small,bright,hit,727
vp20,turkoois,small,bright,hit,704
vp20,groen,small,bright,hit,622
vp20,turkoois,small,bright,hit,858
vp20,purper,small,bright,hit,598
vp20,oranje,small,bright,hit,665
vp20,rood,small,bright,hit,728
vp20,rood,small,bright,miss,
vp20,groen,small,bright,miss,
vp20,zwart,large,dark,hit,572
vp20,purper,large,dark,hit,778
vp20,rood,large,dark,hit,520
vp20,wit,large,dark,hit,510
vp20,rood,large,dark,hit,581
vp20,oranje,large,dark,hit,532
vp20,wit,large,dark,hit,702
vp20,geel,large,dark,hit,638
vp20,blauw,large,dark,hit,598
vp20,bruin,large,dark,hit,553
vp20,purper,large,dark,hit,593
vp20,turkoois,large,dark,hit,843
vp20,zwart,large,dark,hit,500
vp20,blauw,large,dark,hit,567
vp20,oranje,large,dark,hit,728
vp20,groen,large,dark,hit,578
vp20,geel,large,dark,hit,533
vp20,groen,large,dark,hit,590
vp20,bruin,large,dark,miss,
vp20,turkoois,large,dark,miss,
vp20,geel,small,dark,hit,548
vp20,wit,small,dark,hit,964
vp20,groen,small,dark,hit,635
vp20,blauw,small,dark,hit,553
vp20,turkoois,small,dark,hit,539
vp20,blauw,small,dark,hit,538
vp20,zwart,small,dark,hit,524
vp20,oranje,small,dark,hit,511
vp20,turkoois,small,dark,hit,707
vp20,groen,small,dark,hit,527
vp20,zwart,small,dark,hit,483
vp20,bruin,small,dark,hit,577
vp20,bruin,small,dark,hit,636
vp20,purper,small,dark,hit,625
vp20,rood,small,dark,hit,596
vp20,purper,small,dark,hit,668
vp20,rood,small,dark,hit,602
vp20,wit,small,dark,hit,749
vp20,geel,small,dark,hit,560
vp20,oranje,small,dark,hit,817
vp21,blauw,large,bright,hit,623
vp21,wit,large,bright,hit,547
vp21,turkoois,large,bright,hit,781
vp21,rood,large,bright,hit,575
vp21,bruin,large,bright,hit,610
vp21,oranje,large,bright,hit,664
vp21,purper,large,bright,hit,706
vp21,groen,large,bright,hit,657
vp21,purper,large,bright,hit,646
vp21,geel,large,bright,hit,576
vp21,bruin,large,bright,hit,583
vp21,zwart,large,bright,hit,948
vp21,turkoois,large,bright,hit,747
vp21,wit,large,bright,hit,619
vp21,groen,large,bright,hit,574
vp21,zwart,large,bright,hit,515
vp21,geel,large,bright,hit,625
vp21,rood,large,bright,hit,555
vp21,blauw,large,bright,hit,571
vp21,oranje,large,bright,hit,652
vp21,oranje,small,bright,hit,621
vp21,wit,small,bright,hit,714
vp21,purper,small,bright,hit,775
vp21,zwart,small,bright,hit,837
vp21,rood,small,bright,hit,626
vp21,bruin,small,bright,hit,593
vp21,geel,small,bright,hit,589
vp21,rood,small,bright,hit,633
vp21,blauw,small,bright,hit,629
vp21,bruin,small,bright,hit,874
vp21,groen,small,bright,hit,599
vp21,purper,small,bright,hit,773
vp21,geel,small,bright,hit,855
vp21,groen,small,bright,hit,852
vp21,zwart,small,bright,hit,526
vp21,blauw,small,bright,hit,594
vp21,turkoois,small,bright,hit,927
vp21,oranje,small,bright,hit,739
vp21,turkoois,small,bright,miss,
vp21,wit,small,bright,miss,
vp21,geel,large,dark,hit,539
vp21,purper,large,dark,hit,548
vp21,blauw,large,dark,hit,578
vp21,turkoois,large,dark,hit,773
vp21,bruin,large,dark,hit,750
vp21,zwart,large,dark,hit,750
vp21,zwart,large,dark,hit,576
vp21,oranje,large,dark,hit,569
vp21,purper,large,dark,hit,627
vp21,rood,large,dark,hit,573
vp21,geel,large,dark,hit,614
vp21,oranje,large,dark,hit,532
vp21,bruin,large,dark,hit,624
vp21,rood,large,dark,hit,594
vp21,wit,large,dark,hit,590
vp21,blauw,large,dark,hit,529
vp21,groen,large,dark,hit,521
vp21,turkoois,large,dark,hit,681
vp21,wit,large,dark,hit,588
vp21,groen,large,dark,miss,
vp21,blauw,small,dark,hit,587
vp21,bruin,small,dark,hit,709
vp21,blauw,small,dark,hit,532
vp21,turkoois,small,dark,hit,738
vp21,geel,small,dark,hit,568
vp21,groen,small,dark,hit,582
vp21,purper,small,dark,hit,581
vp21,zwart,small,dark,hit,615
vp21,purper,small,dark,hit,680
vp21,geel,small,dark,hit,594
vp21,wit,small,dark,hit,596
vp21,groen,small,dark,hit,620
vp21,bruin,small,dark,hit,552
vp21,oranje,small,dark,hit,770
vp21,rood,small,dark,hit,546
vp21,rood,small,dark,hit,508
vp21,wit,small,dark,hit,531
vp21,oranje,small,dark,hit,507
vp21,zwart,small,dark,hit,663
vp21,turkoois,small,dark,miss,
vp22,rood,large,bright,hit,508
vp22,oranje,large,bright,hit,547
vp22,groen,large,bright,hit,867
vp22,blauw,large,bright,hit,571
vp22,zwart,large,bright,hit,512
vp22,purper,large,bright,hit,659
vp22,geel,large,bright,hit,529
vp22,bruin,large,bright,hit,550
vp22,wit,large,bright,hit,599
vp22,zwart,large,bright,hit,533
vp22,oranje,large,bright,hit,501
vp22,rood,large,bright,hit,464
vp22,turkoois,large,bright,hit,633
vp22,wit,large,bright,hit,508
vp22,bruin,large,bright,hit,513
vp22,groen,large,bright,hit,606
vp22,geel,large,bright,hit,437
vp22,turkoois,large,bright,hit,785
vp22,purper,large,bright,hit,574
vp22,blauw,large,bright,miss,
vp22,purper,small,bright,hit,997
vp22,bruin,small,bright,hit,607
vp22,purper,small,bright,hit,781
vp22,blauw,small,bright,hit,594
vp22,zwart,small,bright,hit,624
vp22,wit,small,bright,hit,676
vp22,wit,small,bright,hit,536
vp22,turkoois,small,bright,hit,678
vp22,zwart,small,bright,hit,599
vp22,rood,small,bright,hit,524
vp22,geel,small,bright,hit,644
vp22,groen,small,bright,hit,552
vp22,oranje,small,bright,hit,520
vp22,bruin,small,bright,hit,547
vp22,geel,small,bright,hit,708
vp22,groen,small,bright,hit,576
vp22,rood,small,bright,hit,519
vp22,blauw,small,bright,hit,571
vp22,oranje,small,bright,miss,
vp22,turkoois,small,bright,miss,
vp22,oranje,large,dark,hit,704
vp22,zwart,large,dark,hit,635
vp22,turkoois,large,dark,hit,577
vp22,wit,large,dark,hit,492
vp22,rood,large,dark,hit,528
vp22,zwart,large,dark,hit,461
vp22,turkoois,large,dark,hit,633
vp22,rood,large,dark,hit,607
vp22,blauw,large,dark,hit,519
vp22,purper,large,dark,hit,804
vp22,geel,large,dark,hit,492
vp22,bruin,large,dark,hit,654
vp22,groen,large,dark,hit,515
vp22,geel,large,dark,hit,482
vp22,oranje,large,dark,hit,534
vp22,purper,large,dark,hit,526
vp22,wit,large,dark,hit,644
vp22,groen,large,dark,hit,716
vp22,blauw,large,dark,hit,449
vp22,bruin,large,dark,miss,
vp22,geel,small,dark,hit,546
vp22,groen,small,dark,hit,587
vp22,turkoois,small,dark,hit,927
vp22,zwart,small,dark,hit,554
vp22,geel,small,dark,hit,568
vp22,wit,small,dark,hit,552
vp22,oranje,small,dark,hit,479
vp22,blauw,small,dark,hit,533
vp22,wit,small,dark,hit,633
vp22,oranje,small,dark,hit,598
vp22,bruin,small,dark,hit,589
vp22,groen,small,dark,hit,663
vp22,purper,small,dark,hit,669
vp22,rood,small,dark,hit,789
vp22,blauw,small,dark,hit,461
vp22,purper,small,dark,hit,641
vp22,turkoois,small,dark,hit,731
vp22,zwart,small,dark,hit,459
vp22,bruin,small,dark,hit,558
vp22,rood,small,dark,hit,609
vp23,wit,large,bright,hit,711
vp23,wit,large,bright,hit,569
vp23,oranje,large,bright,hit,566
vp23,bruin,large,bright,hit,477
vp23,blauw,large,bright,hit,636
vp23,blauw,large,bright,hit,651
vp23,turkoois,large,bright,hit,595
vp23,oranje,large,bright,hit,674
vp23,groen,large,bright,hit,575
vp23,rood,large,bright,hit,510
vp23,bruin,large,bright,hit,689
vp23,zwart,large,bright,hit,772
vp23,rood,large,bright,hit,719
vp23,geel,large,bright,hit,529
vp23,purper,large,bright,hit,666
vp23,zwart,large,bright,hit,700
vp23,groen,large,bright,hit,547
vp23,geel,large,bright,hit,643
vp23,turkoois,large,bright,hit,634
vp23,purper,large,bright,miss,
vp23,oranje,small,bright,hit,778
vp23,bruin,small,bright,hit,837
vp23,geel,small,bright,hit,668
vp23,rood,small,bright,hit,857
vp23,bruin,small,bright,hit,522
vp23,purper,small,bright,hit,699
vp23,turkoois,small,bright,hit,887
vp23,wit,small,bright,hit,766
vp23,rood,small,bright,hit,638
vp23,turkoois,small,bright,hit,681
vp23,groen,small,bright,hit,633
vp23,geel,small,bright,hit,607
vp23,wit,small,bright,hit,596
vp23,zwart,small,bright,hit,664
vp23,oranje,small,bright,hit,752
vp23,blauw,small,bright,hit,602
vp23,zwart,small,bright,miss,
vp23,blauw,small,bright,miss,
vp23,purper,small,bright,miss,
vp23,groen,small,bright,miss,
vp23,blauw,large,dark,hit,455
vp23,groen,large,dark,hit,560
vp23,groen,large,dark,hit,578
vp23,oranje,large,dark,hit,564
vp23,wit,large,dark,hit,506
vp23,turkoois,large,dark,hit,691
vp23,purper,large,dark,hit,773
vp23,rood,large,dark,hit,505
vp23,turkoois,large,dark,hit,605
vp23,bruin,large,dark,hit,763
vp23,zwart,large,dark,hit,497
vp23,purper,large,dark,hit,909
vp23,geel,large,dark,hit,573
vp23,oranje,large,dark,hit,616
vp23,wit,large,dark,hit,650
vp23,geel,large,dark,hit,539
vp23,bruin,large,dark,hit,523
vp23,rood,large,dark,hit,456
vp23,zwart,large,dark,hit,588
vp23,blauw,large,dark,hit,493
vp23,wit,small,dark,hit,617
vp23,blauw,small,dark,hit,778
vp23,wit,small,dark,hit,510
vp23,rood,small,dark,hit,470
vp23,oranje,small,dark,hit,618
vp23,groen,small,dark,hit,438
vp23,oranje,small,dark,hit,449
vp23,zwart,small,dark,hit,537
vp23,blauw,small,dark,hit,645
vp23,bruin,small,dark,hit,516
vp23,purper,small,dark,hit,662
vp23,bruin,small,dark,hit,530
vp23,purper,small,dark,hit,635
vp23,geel,small,dark,hit,686
vp23,groen,small,dark,hit,624
vp23,zwart,small,dark,hit,530
vp23,turkoois,small,dark,hit,870
vp23,rood,small,dark,hit,548
vp23,turkoois,small,dark,hit,610
vp23,geel,small,dark,hit,527
vp24,geel,large,bright,hit,882
vp24,blauw,large,bright,hit,590
vp24,groen,large,bright,hit,556
vp24,bruin,large,bright,hit,695
vp24,rood,large,bright,hit,585
vp24,turkoois,large,bright,hit,547
vp24,zwart,large,bright,hit,535
vp24,rood,large,bright,hit,571
vp24,oranje,large,bright,hit,656
vp24,oranje,large,bright,hit,556
vp24,groen,large,bright,hit,549
vp24,geel,large,bright,hit,567
vp24,purper,large,bright,hit,649
vp24,purper,large,bright,hit,558
vp24,wit,large,bright,hit,545
vp24,zwart,large,bright,hit,607
vp24,wit,large,bright,hit,558
vp24,blauw,large,bright,hit,530
vp24,bruin,large,bright,hit,535
vp24,turkoois,large,bright,miss,
vp24,groen,small,bright,hit,743
vp24,blauw,small,bright,hit,611
vp24,oranje,small,bright,hit,654
vp24,zwart,small,bright,hit,803
vp24,rood,small,bright,hit,613
vp24,bruin,small,bright,hit,601
vp24,purper,small,bright,hit,771
vp24,purper,small,bright,hit,642
vp24,groen,small,bright,hit,661
vp24,oranje,small,bright,hit,652
vp24,geel,small,bright,hit,551
vp24,bruin,small,bright,hit,571
vp24,turkoois,small,bright,hit,601
vp24,blauw,small,bright,hit,566
vp24,zwart,small,bright,hit,725
vp24,rood,small,bright,hit,549
vp24,geel,small,bright,hit,957
vp24,wit,small,bright,hit,728
vp24,wit,small,bright,hit,741
vp24,turkoois,small,bright,miss,
vp24,blauw,large,dark,hit,441
vp24,turkoois,large,dark,hit,706
vp24,purper,large,dark,hit,638
vp24,oranje,large,dark,hit,502
vp24,wit,large,dark,hit,428
vp24,wit,large,dark,hit,585
vp24,geel,large,dark,hit,476
vp24,groen,large,dark,hit,480
vp24,rood,large,dark,hit,603
vp24,turkoois,large,dark,hit,575
vp24,zwart,large,dark,hit,505
vp24,groen,large,dark,hit,654
vp24,zwart,large,dark,hit,487
vp24,geel,large,dark,hit,506
vp24,oranje,large,dark,hit,487
vp24,bruin,large,dark,hit,630
vp24,purper,large,dark,hit,551
vp24,rood,large,dark,hit,483
vp24,bruin,large,dark,hit,538
vp24,blauw,large,dark,miss,
vp24,oranje,small,dark,hit,535
vp24,geel,small,dark,hit,568
vp24,purper,small,dark,hit,764
vp24,zwart,small,dark,hit,727
vp24,groen,small,dark,hit,570
vp24,wit,small,dark,hit,705
vp24,oranje,small,dark,hit,504
vp24,bruin,small,dark,hit,505
vp24,wit,small,dark,hit,541
vp24,blauw,small,dark,hit,414
vp24,groen,small,dark,hit,429
vp24,purper,small,dark,hit,589
vp24,turkoois,small,dark,hit,759
vp24,turkoois,small,dark,hit,574
vp24,blauw,small,dark,hit,518
vp24,rood,small,dark,hit,555
vp24,rood,small,dark,hit,614
vp24,geel,small,dark,hit,562
vp24,bruin,small,dark,hit,698
vp24,zwart,small,dark,hit,563
vp25,blauw,large,bright,hit,651
vp25,zwart,large,bright,hit,604
vp25,blauw,large,bright,hit,616
vp25,oranje,large,bright,hit,615
vp25,groen,large,bright,hit,686
vp25,zwart,large,bright,hit,589
vp25,wit,large,bright,hit,653
vp25,turkoois,large,bright,hit,682
vp25,rood,large,bright,hit,626
vp25,purper,large,bright,hit,844
vp25,rood,large,bright,hit,600
vp25,oranje,large,bright,hit,515
vp25,bruin,large,bright,hit,725
vp25,turkoois,large,bright,hit,739
vp25,purper,large,bright,hit,874
vp25,bruin,large,bright,hit,710
vp25,geel,large,bright,hit,686
vp25,wit,large,bright,hit,548
vp25,groen,large,bright,hit,640
vp25,geel,large,bright,hit,607
vp25,blauw,small,bright,hit,647
vp25,purper,small,bright,hit,835
vp25,oranje,small,bright,hit,624
vp25,rood,small,bright,hit,850
vp25,wit,small,bright,hit,723
vp25,groen,small,bright,hit,689
vp25,zwart,small,bright,hit,568
vp25,turkoois,small,bright,hit,853
vp25,geel,small,bright,hit,597
vp25,blauw,small,bright,hit,554
vp25,groen,small,bright,hit,620
vp25,zwart,small,bright,hit,591
vp25,turkoois,small,bright,hit,713
vp25,wit,small,bright,hit,739
vp25,oranje,small,bright,hit,716
vp25,bruin,small,bright,hit,810
vp25,geel,small,bright,hit,655
vp25,bruin,small,bright,miss,
vp25,purper,small,bright,miss,
vp25,rood,small,bright,miss,
vp25,geel,large,dark,hit,566
vp25,oranje,large,dark,hit,662
vp25,wit,large,dark,hit,685
vp25,bruin,large,dark,hit,604
vp25,blauw,large,dark,hit,585
vp25,groen,large,dark,hit,754
vp25,groen,large,dark,hit,497
vp25,rood,large,dark,hit,655
vp25,turkoois,large,dark,hit,970
vp25,purper,large,dark,hit,839
vp25,purper,large,dark,hit,590
vp25,geel,large,dark,hit,772
vp25,turkoois,large,dark,hit,659
vp25,bruin,large,dark,hit,640
vp25,wit,large,dark,hit,540
vp25,rood,large,dark,hit,708
vp25,zwart,large,dark,hit,598
vp25,blauw,large,dark,hit,542
vp25,oranje,large,dark,hit,761
vp25,zwart,large,dark,hit,609
vp25,bruin,small,dark,hit,557
vp25,zwart,small,dark,hit,594
vp25,zwart,small,dark,hit,704
vp25,rood,small,dark,hit,593
vp25,bruin,small,dark,hit,607
vp25,geel,small,dark,hit,654
vp25,wit,small,dark,hit,654
vp25,turkoois,small,dark,hit,634
vp25,rood,small,dark,hit,549
vp25,blauw,small,dark,hit,595
vp25,oranje,small,dark,hit,551
vp25,geel,small,dark,hit,536
vp25,groen,small,dark,hit,521
vp25,blauw,small,dark,hit,486
vp25,purper,small,dark,hit,692
vp25,purper,small,dark,hit,743
vp25,groen,small,dark,hit,627
vp25,wit,small,dark,hit,641
vp25,oranje,small,dark,hit,595
vp25,turkoois,small,dark,miss,
vp26,blauw,large,bright,hit,452
vp26,wit,large,bright,hit,513
vp26,zwart,large,bright,hit,683
vp26,rood,large,bright,hit,509
vp26,wit,large,bright,hit,547
vp26,turkoois,large,bright,hit,526
vp26,turkoois,large,bright,hit,694
vp26,purper,large,bright,hit,587
vp26,groen,large,bright,hit,443
vp26,geel,large,bright,hit,510
vp26,bruin,large,bright,hit,680
vp26,oranje,large,bright,hit,643
vp26,blauw,large,bright,hit,548
vp26,purper,large,bright,hit,744
vp26,groen,large,bright,hit,587
vp26,rood,large,bright,hit,463
vp26,zwart,large,bright,hit,382
vp26,bruin,large,bright,miss,
vp26,oranje,large,bright,miss,
vp26,geel,large,bright,miss,
vp26,wit,small,bright,hit,788
vp26,wit,small,bright,hit,650
vp26,blauw,small,bright,hit,564
vp26,oranje,small,bright,hit,603
vp26,zwart,small,bright,hit,623
vp26,purper,small,bright,hit,997
vp26,rood,small,bright,hit,551
vp26,zwart,small,bright,hit,649
vp26,geel,small,bright,hit,557
vp26,geel,small,bright,hit,749
vp26,turkoois,small,bright,hit,803
vp26,blauw,small,bright,hit,582
vp26,bruin,small,bright,hit,613
vp26,purper,small,bright,hit,805
vp26,rood,small,bright,hit,665
vp26,groen,small,bright,hit,574
vp26,oranje,small,bright,hit,586
vp26,bruin,small,bright,hit,964
vp26,turkoois,small,bright,miss,
vp26,groen,small,bright,miss,
vp26,wit,large,dark,hit,490
vp26,rood,large,dark,hit,555
vp26,wit,large,dark,hit,509
vp26,groen,large,dark,hit,983
vp26,turkoois,large,dark,hit,647
vp26,groen,large,dark,hit,501
vp26,bruin,large,dark,hit,785
vp26,zwart,large,dark,hit,980
vp26,zwart,large,dark,hit,677
vp26,geel,large,dark,hit,590
vp26,oranje,large,dark,hit,599
vp26,turkoois,large,dark,hit,604
vp26,blauw,large,dark,hit,693
vp26,purper,large,dark,hit,623
vp26,geel,large,dark,hit,511
vp26,purper,large,dark,hit,617
vp26,oranje,large,dark,hit,754
vp26,blauw,large,dark,hit,463
vp26,bruin,large,dark,hit,585
vp26,rood,large,dark,miss,
vp26,blauw,small,dark,hit,645
vp26,rood,small,dark,hit,516
vp26,blauw,small,dark,hit,851
vp26,groen,small,dark,hit,746
vp26,wit,small,dark,hit,675
vp26,rood,small,dark,hit,503
vp26,wit,small,dark,hit,544
vp26,turkoois,small,dark,hit,704
vp26,geel,small,dark,hit,584
vp26,geel,small,dark,hit,498
vp26,zwart,small,dark,hit,665
vp26,bruin,small,dark,hit,717
vp26,bruin,small,dark,hit,543
vp26,zwart,small,dark,hit,473
vp26,purper,small,dark,hit,692
vp26,oranje,small,dark,hit,508
vp26,oranje,small,dark,hit,512
vp26,groen,small,dark,hit,552
vp26,turkoois,small,dark,hit,561
vp26,purper,small,dark,miss,
vp27,purper,large,bright,hit,857
vp27,zwart,large,bright,hit,628
vp27,turkoois,large,bright,hit,754
vp27,bruin,large,bright,hit,649
vp27,groen,large,bright,hit,537
vp27,bruin,large,bright,hit,602
vp27,turkoois,large,bright,hit,675
vp27,purper,large,bright,hit,672
vp27,geel,large,bright,hit,709
vp27,blauw,large,bright,hit,629
vp27,rood,large,bright,hit,605
vp27,oranje,large,bright,hit,576
vp27,blauw,large,bright,hit,595
vp27,groen,large,bright,hit,716
vp27,geel,large,bright,hit,670
vp27,oranje,large,bright,hit,566
vp27,wit,large,bright,hit,597
vp27,rood,large,bright,hit,593
vp27,wit,large,bright,hit,591
vp27,zwart,large,bright,miss,
vp27,groen,small,bright,hit,815
vp27,geel,small,bright,hit,641
vp27,zwart,small,bright,hit,671
vp27,geel,small,bright,hit,627
vp27,rood,small,bright,hit,633
vp27,zwart,small,bright,hit,786
vp27,oranje,small,bright,hit,702
vp27,turkoois,small,bright,hit,993
vp27,purper,small,bright,hit,956
vp27,groen,small,bright,hit,906
vp27,blauw,small,bright,hit,628
vp27,bruin,small,bright,hit,769
vp27,turkoois,small,bright,hit,897
vp27,bruin,small,bright,hit,817
vp27,blauw,small,bright,hit,956
vp27,rood,small,bright,hit,742
vp27,purper,small,bright,miss,
vp27,oranje,small,bright,miss,
vp27,wit,small,bright,miss,
vp27,wit,small,bright,miss,
vp27,turkoois,large,dark,hit,728
vp27,geel,large,dark,hit,694
vp27,oranje,large,dark,hit,610
vp27,bruin,large,dark,hit,706
vp27,blauw,large,dark,hit,549
vp27,wit,large,dark,hit,576
vp27,purper,large,dark,hit,663
vp27,blauw,large,dark,hit,567
vp27,bruin,large,dark,hit,674
vp27,groen,large,dark,hit,701
vp27,zwart,large,dark,hit,611
vp27,wit,large,dark,hit,625
vp27,purper,large,dark,hit,710
vp27,turkoois,large,dark,hit,793
vp27,zwart,large,dark,hit,608
vp27,groen,large,dark,hit,856
vp27,rood,large,dark,hit,518
vp27,rood,large,dark,hit,533
vp27,geel,large,dark,hit,702
vp27,oranje,large,dark,miss,
vp27,turkoois,small,dark,hit,704
vp27,blauw,small,dark,hit,720
vp27,zwart,small,dark,hit,636
vp27,purper,small,dark,hit,795
vp27,groen,small,dark,hit,920
vp27,groen,small,dark,hit,543
vp27,geel,small,dark,hit,572
vp27,blauw,small,dark,hit,785
vp27,wit,small,dark,hit,751
vp27,oranje,small,dark,hit,727
vp27,bruin,small,dark,hit,703
vp27,bruin,small,dark,hit,591
vp27,turkoois,small,dark,hit,650
vp27,rood,small,dark,hit,767
vp27,purper,small,dark,hit,687
vp27,oranje,small,dark,hit,562
vp27,wit,small,dark,hit,570
vp27,rood,small,dark,hit,536
vp27,zwart,small,dark,hit,487
vp27,geel,small,dark,miss,
vp28,rood,large,bright,hit,670
vp28,bruin,large,bright,hit,597
vp28,wit,large,bright,hit,593
vp28,geel,large,bright,hit,657
vp28,turkoois,large,bright,hit,795
vp28,groen,large,bright,hit,605
vp28,geel,large,bright,hit,634
vp28,turkoois,large,bright,hit,723
vp28,purper,large,bright,hit,612
vp28,oranje,large,bright,hit,605
vp28,blauw,large,bright,hit,495
vp28,zwart,large,bright,hit,432
vp28,oranje,large,bright,hit,479
vp28,zwart,large,bright,hit,662
vp28,bruin,large,bright,hit,549
vp28,blauw,large,bright,hit,530
vp28,groen,large,bright,hit,578
vp28,purper,large,bright,hit,596
vp28,wit,large,bright,hit,633
vp28,rood,large,bright,hit,512
vp28,blauw,small,bright,hit,574
vp28,blauw,small,bright,hit,474
vp28,zwart,small,bright,hit,693
vp28,rood,small,bright,hit,713
vp28,groen,small,bright,hit,783
vp28,oranje,small,bright,hit,630
vp28,bruin,small,bright,hit,897
vp28,turkoois,small,bright,hit,982
vp28,zwart,small,bright,hit,758
vp28,rood,small,bright,hit,987
vp28,purper,small,bright,hit,989
vp28,bruin,small,bright,hit,685
vp28,purper,small,bright,hit,910
vp28,groen,small,bright,hit,638
vp28,wit,small,bright,hit,785
vp28,wit,small,bright,hit,905
vp28,geel,small,bright,hit,676
vp28,oranje,small,bright,hit,519
vp28,turkoois,small,bright,hit,641
vp28,geel,small,bright,miss,
vp28,groen,large,dark,hit,564
vp28,purper,large,dark,hit,722
vp28,wit,large,dark,hit,453
vp28,turkoois,large,dark,hit,665
vp28,wit,large,dark,hit,624
vp28,groen,large,dark,hit,596
vp28,rood,large,dark,hit,589
vp28,rood,large,dark,hit,604
vp28,zwart,large,dark,hit,610
vp28,oranje,large,dark,hit,557
vp28,purper,large,dark,hit,519
vp28,oranje,large,dark,hit,437
vp28,blauw,large,dark,hit,534
vp28,geel,large,dark,hit,655
vp28,turkoois,large,dark,hit,679
vp28,blauw,large,dark,hit,583
vp28,zwart,large,dark,hit,522
vp28,bruin,large,dark,hit,492
vp28,geel,large,dark,hit,522
vp28,bruin,large,dark,hit,651
vp28,turkoois,small,dark,hit,585
vp28,bruin,small,dark,hit,489
vp28,bruin,small,dark,hit,453
vp28,rood,small,dark,hit,445
vp28,wit,small,dark,hit,877
vp28,purper,small,dark,hit,590
vp28,purper,small,dark,hit,566
vp28,blauw,small,dark,hit,643
vp28,wit,small,dark,hit,628
vp28,geel,small,dark,hit,565
vp28,geel,small,dark,hit,564
vp28,oranje,small,dark,hit,551
vp28,groen,small,dark,hit,529
vp28,groen,small,dark,hit,600
vp28,zwart,small,dark,hit,581
vp28,blauw,small,dark,hit,521
vp28,rood,small,dark,hit,585
vp28,turkoois,small,dark,hit,576
vp28,oranje,small,dark,hit,544
vp28,zwart,small,dark,hit,551
vp29,purper,large,bright,hit,779
vp29,zwart,large,bright,hit,474
vp29,rood,large,bright,hit,739
vp29,wit,large,bright,hit,791
vp29,turkoois,large,bright,hit,738
vp29,blauw,large,bright,hit,574
vp29,oranje,large,bright,hit,468
vp29,zwart,large,bright,hit,491
vp29,wit,large,bright,hit,546
vp29,geel,large,bright,hit,464
vp29,geel,large,bright,hit,742
vp29,wit,large,bright,hit,481
vp29,zwart,large,bright,hit,614
vp29,rood,large,bright,hit,513
vp29,purper,large,bright,hit,640
vp29,bruin,large,bright,hit,553
vp29,blauw,large,bright,hit,477
vp29,turkoois,large,bright,hit,752
vp29,groen,large,bright,hit,578
vp29,oranje,large,bright,hit,545
vp29,groen,small,bright,hit,977
vp29,purper,small,bright,hit,609
vp29,oranje,small,bright,hit,595
vp29,bruin,small,bright,hit,751
vp29,wit,small,bright,hit,719
vp29,rood,small,bright,hit,664
vp29,geel,small,bright,hit,622
vp29,blauw,small,bright,hit,695
vp29,oranje,small,bright,hit,617
vp29,geel,small,bright,hit,673
vp29,bruin,small,bright,hit,505
vp29,zwart,small,bright,hit,493
vp29,purper,small,bright,hit,540
vp29,turkoois,small,bright,hit,480
vp29,groen,small,bright,hit,853
vp29,wit,small,bright,hit,645
vp29,purper,small,bright,miss,
vp29,bruin,small,bright,miss,
vp29,turkoois,small,bright,miss,
vp29,turkoois,small,bright,miss,
vp29,groen,large,dark,hit,564
vp29,geel,large,dark,hit,495
vp29,rood,large,dark,hit,523
vp29,blauw,large,dark,hit,505
vp29,bruin,large,dark,hit,640
vp29,geel,large,dark,hit,494
vp29,turkoois,large,dark,hit,675
vp29,purper,large,dark,hit,556
vp29,purper,large,dark,hit,807
vp29,wit,large,dark,hit,429
vp29,rood,large,dark,hit,485
vp29,blauw,large,dark,hit,740
vp29,zwart,large,dark,hit,524
vp29,blauw,large,dark,hit,567
vp29,rood,large,dark,hit,507
vp29,groen,large,dark,hit,479
vp29,oranje,large,dark,hit,522
vp29,bruin,large,dark,hit,566
vp29,wit,large,dark,hit,547
vp29,zwart,large,dark,miss,
vp29,rood,small,dark,hit,699
vp29,geel,small,dark,hit,566
vp29,purper,small,dark,hit,503
vp29,zwart,small,dark,hit,549
vp29,groen,small,dark,hit,650
vp29,oranje,small,dark,hit,710
vp29,turkoois,small,dark,hit,719
vp29,blauw,small,dark,hit,600
vp29,groen,small,dark,hit,662
vp29,rood,small,dark,hit,439
vp29,zwart,small,dark,hit,699
vp29,oranje,small,dark,hit,625
vp29,wit,small,dark,hit,759
vp29,groen,small,dark,hit,518
vp29,blauw,small,dark,hit,533
vp29,bruin,small,dark,hit,770
vp29,bruin,small,dark,miss,
vp29,oranje,small,dark,miss,
vp29,turkoois,small,dark,miss,
vp29,purper,small,dark,miss,
vp31,wit,large,bright,hit,566
vp31,zwart,large,bright,hit,448
vp31,bruin,large,bright,hit,519
vp31,rood,large,bright,hit,496
vp31,oranje,large,bright,hit,515
vp31,rood,large,bright,hit,437
vp31,blauw,large,bright,hit,470
vp31,zwart,large,bright,hit,474
vp31,blauw,large,bright,hit,456
vp31,geel,large,bright,hit,470
vp31,bruin,large,bright,hit,438
vp31,purper,large,bright,hit,520
vp31,groen,large,bright,hit,418
vp31,purper,large,bright,hit,447
vp31,geel,large,bright,hit,411
vp31,oranje,large,bright,hit,545
vp31,wit,large,bright,hit,471
vp31,turkoois,large,bright,hit,594
vp31,groen,large,bright,hit,655
vp31,turkoois,large,bright,hit,522
vp31,groen,small,bright,hit,832
vp31,bruin,small,bright,hit,582
vp31,oranje,small,bright,hit,552
vp31,zwart,small,bright,hit,604
vp31,oranje,small,bright,hit,531
vp31,purper,small,bright,hit,586
vp31,rood,small,bright,hit,612
vp31,turkoois,small,bright,hit,768
vp31,bruin,small,bright,hit,541
vp31,rood,small,bright,hit,571
vp31,wit,small,bright,hit,839
vp31,wit,small,bright,hit,474
vp31,blauw,small,bright,hit,566
vp31,groen,small,bright,hit,590
vp31,turkoois,small,bright,hit,654
vp31,zwart,small,bright,hit,554
vp31,blauw,small,bright,hit,516
vp31,geel,small,bright,hit,505
vp31,geel,small,bright,miss,
vp31,purper,small,bright,miss,
vp31,groen,large,dark,hit,484
vp31,purper,large,dark,hit,566
vp31,oranje,large,dark,hit,490
vp31,geel,large,dark,hit,484
vp31,zwart,large,dark,hit,558
vp31,wit,large,dark,hit,483
vp31,blauw,large,dark,hit,429
vp31,groen,large,dark,hit,466
vp31,wit,large,dark,hit,428
vp31,purper,large,dark,hit,674
vp31,rood,large,dark,hit,487
vp31,geel,large,dark,hit,455
vp31,zwart,large,dark,hit,603
vp31,rood,large,dark,hit,393
vp31,oranje,large,dark,hit,431
vp31,blauw,large,dark,hit,477
vp31,turkoois,large,dark,hit,605
vp31,turkoois,large,dark,hit,474
vp31,bruin,large,dark,hit,475
vp31,bruin,large,dark,hit,436
vp31,geel,small,dark,hit,471
vp31,zwart,small,dark,hit,435
vp31,oranje,small,dark,hit,485
vp31,purper,small,dark,hit,542
vp31,rood,small,dark,hit,420
vp31,purper,small,dark,hit,473
vp31,groen,small,dark,hit,415
vp31,turkoois,small,dark,hit,575
vp31,bruin,small,dark,hit,529
vp31,geel,small,dark,hit,662
vp31,blauw,small,dark,hit,477
vp31,blauw,small,dark,hit,436
vp31,oranje,small,dark,hit,454
vp31,zwart,small,dark,hit,481
vp31,bruin,small,dark,hit,470
vp31,groen,small,dark,hit,468
vp31,wit,small,dark,hit,599
vp31,wit,small,dark,hit,484
vp31,turkoois,small,dark,hit,556
vp31,rood,small,dark,miss,
vp33,blauw,large,bright,hit,562
vp33,geel,large,bright,hit,534
vp33,zwart,large,bright,hit,574
vp33,rood,large,bright,hit,494
vp33,wit,large,bright,hit,611
vp33,rood,large,bright,hit,562
vp33,turkoois,large,bright,hit,655
vp33,geel,large,bright,hit,557
vp33,purper,large,bright,hit,605
vp33,bruin,large,bright,hit,568
vp33,zwart,large,bright,hit,522
vp33,turkoois,large,bright,hit,756
vp33,groen,large,bright,hit,519
vp33,wit,large,bright,hit,608
vp33,oranje,large,bright,hit,594
vp33,oranje,large,bright,hit,654
vp33,purper,large,bright,hit,695
vp33,blauw,large,bright,hit,582
vp33,bruin,large,bright,hit,470
vp33,groen,large,bright,hit,502
vp33,geel,small,bright,hit,799
vp33,bruin,small,bright,hit,858
vp33,oranje,small,bright,hit,596
vp33,turkoois,small,bright,hit,894
vp33,blauw,small,bright,hit,541
vp33,geel,small,bright,hit,650
vp33,zwart,small,bright,hit,589
vp33,wit,small,bright,hit,727
vp33,rood,small,bright,hit,615
vp33,turkoois,small,bright,hit,721
vp33,groen,small,bright,hit,682
vp33,purper,small,bright,hit,670
vp33,oranje,small,bright,hit,627
vp33,zwart,small,bright,hit,822
vp33,purper,small,bright,hit,641
vp33,groen,small,bright,hit,679
vp33,rood,small,bright,hit,768
vp33,wit,small,bright,hit,736
vp33,blauw,small,bright,hit,676
vp33,bruin,small,bright,miss,
vp33,zwart,large,dark,hit,766
vp33,purper,large,dark,hit,575
vp33,wit,large,dark,hit,539
vp33,rood,large,dark,hit,855
vp33,bruin,large,dark,hit,554
vp33,blauw,large,dark,hit,536
vp33,purper,large,dark,hit,597
vp33,turkoois,large,dark,hit,680
vp33,rood,large,dark,hit,506
vp33,blauw,large,dark,hit,522
vp33,geel,large,dark,hit,491
vp33,turkoois,large,dark,hit,595
vp33,bruin,large,dark,hit,495
vp33,oranje,large,dark,hit,563
vp33,groen,large,dark,hit,543
vp33,zwart,large,dark,hit,633
vp33,groen,large,dark,hit,440
vp33,wit,large,dark,hit,545
vp33,geel,large,dark,hit,539
vp33,oranje,large,dark,hit,522
vp33,groen,small,dark,hit,589
vp33,purper,small,dark,hit,728
vp33,purper,small,dark,hit,549
vp33,rood,small,dark,hit,602
vp33,blauw,small,dark,hit,928
vp33,blauw,small,dark,hit,541
vp33,groen,small,dark,hit,495
vp33,turkoois,small,dark,hit,620
vp33,geel,small,dark,hit,595
vp33,oranje,small,dark,hit,564
vp33,zwart,small,dark,hit,673
vp33,wit,small,dark,hit,565
vp33,geel,small,dark,hit,526
vp33,rood,small,dark,hit,564
vp33,bruin,small,dark,hit,649
vp33,bruin,small,dark,hit,642
vp33,oranje,small,dark,hit,686
vp33,zwart,small,dark,hit,572
vp33,turkoois,small,dark,hit,625
vp33,wit,small,dark,hit,743
vp34,oranje,large,bright,hit,682
vp34,groen,large,bright,hit,571
vp34,purper,large,bright,hit,656
vp34,blauw,large,bright,hit,536
vp34,zwart,large,bright,hit,552
vp34,geel,large,bright,hit,511
vp34,wit,large,bright,hit,659
vp34,zwart,large,bright,hit,495
vp34,bruin,large,bright,hit,850
vp34,turkoois,large,bright,hit,920
vp34,groen,large,bright,hit,692
vp34,blauw,large,bright,hit,720
vp34,geel,large,bright,hit,615
vp34,turkoois,large,bright,hit,717
vp34,oranje,large,bright,hit,590
vp34,purper,large,bright,hit,665
vp34,wit,large,bright,hit,544
vp34,bruin,large,bright,hit,623
vp34,rood,large,bright,hit,838
vp34,rood,large,bright,hit,784
vp34,rood,small,bright,hit,824
vp34,zwart,small,bright,hit,668
vp34,groen,small,bright,hit,669
vp34,bruin,small,bright,hit,892
vp34,wit,small,bright,hit,728
vp34,zwart,small,bright,hit,615
vp34,oranje,small,bright,hit,568
vp34,rood,small,bright,hit,562
vp34,turkoois,small,bright,hit,796
vp34,blauw,small,bright,hit,630
vp34,geel,small,bright,hit,704
vp34,bruin,small,bright,hit,742
vp34,oranje,small,bright,hit,778
vp34,blauw,small,bright,hit,774
vp34,purper,small,bright,hit,682
vp34,wit,small,bright,hit,863
vp34,groen,small,bright,miss,
vp34,geel,small,bright,miss,
vp34,turkoois,small,bright,miss,
vp34,purper,small,bright,miss,
vp34,blauw,large,dark,hit,551
vp34,geel,large,dark,hit,593
vp34,wit,large,dark,hit,627
vp34,bruin,large,dark,hit,578
vp34,rood,large,dark,hit,495
vp34,geel,large,dark,hit,552
vp34,wit,large,dark,hit,619
vp34,turkoois,large,dark,hit,723
vp34,zwart,large,dark,hit,518
vp34,groen,large,dark,hit,601
vp34,blauw,large,dark,hit,624
vp34,turkoois,large,dark,hit,619
vp34,oranje,large,dark,hit,599
vp34,rood,large,dark,hit,726
vp34,groen,large,dark,hit,605
vp34,oranje,large,dark,hit,953
vp34,bruin,large,dark,hit,533
vp34,purper,large,dark,hit,716
vp34,purper,large,dark,miss,
vp34,zwart,large,dark,miss,
vp34,oranje,small,dark,hit,686
vp34,groen,small,dark,hit,595
vp34,rood,small,dark,hit,493
vp34,blauw,small,dark,hit,589
vp34,turkoois,small,dark,hit,866
vp34,geel,small,dark,hit,588
vp34,zwart,small,dark,hit,851
vp34,blauw,small,dark,hit,532
vp34,turkoois,small,dark,hit,620
vp34,rood,small,dark,hit,724
vp34,zwart,small,dark,hit,561
vp34,purper,small,dark,hit,823
vp34,groen,small,dark,hit,670
vp34,bruin,small,dark,hit,561
vp34,geel,small,dark,hit,589
vp34,wit,small,dark,hit,626
vp34,oranje,small,dark,hit,581
vp34,wit,small,dark,hit,666
vp34,purper,small,dark,hit,880
vp34,bruin,small,dark,miss,
vp35,rood,large,bright,hit,483
vp35,geel,large,bright,hit,477
vp35,purper,large,bright,hit,958
vp35,oranje,large,bright,hit,474
vp35,blauw,large,bright,hit,538
vp35,turkoois,large,bright,hit,619
vp35,groen,large,bright,hit,877
vp35,wit,large,bright,hit,567
vp35,bruin,large,bright,hit,517
vp35,bruin,large,bright,hit,631
vp35,wit,large,bright,hit,579
vp35,purper,large,bright,hit,555
vp35,groen,large,bright,hit,498
vp35,rood,large,bright,hit,440
vp35,zwart,large,bright,hit,516
vp35,geel,large,bright,hit,525
vp35,oranje,large,bright,hit,643
vp35,zwart,large,bright,hit,544
vp35,turkoois,large,bright,hit,604
vp35,blauw,large,bright,hit,540
vp35,groen,small,bright,hit,547
vp35,wit,small,bright,hit,774
vp35,blauw,small,bright,hit,711
vp35,turkoois,small,bright,hit,666
vp35,bruin,small,bright,hit,654
vp35,rood,small,bright,hit,775
vp35,geel,small,bright,hit,650
vp35,geel,small,bright,hit,663
vp35,oranje,small,bright,hit,667
vp35,oranje,small,bright,hit,617
vp35,zwart,small,bright,hit,678
vp35,wit,small,bright,hit,724
vp35,groen,small,bright,hit,580
vp35,zwart,small,bright,hit,578
vp35,blauw,small,bright,hit,523
vp35,purper,small,bright,hit,666
vp35,turkoois,small,bright,hit,749
vp35,purper,small,bright,hit,755
vp35,bruin,small,bright,hit,538
vp35,rood,small,bright,hit,681
vp35,rood,large,dark,hit,452
vp35,bruin,large,dark,hit,536
vp35,oranje,large,dark,hit,532
vp35,turkoois,large,dark,hit,582
vp35,turkoois,large,dark,hit,488
vp35,groen,large,dark,hit,537
vp35,oranje,large,dark,hit,567
vp35,geel,large,dark,hit,444
vp35,groen,large,dark,hit,547
vp35,wit,large,dark,hit,563
vp35,bruin,large,dark,hit,442
vp35,blauw,large,dark,hit,479
vp35,zwart,large,dark,hit,465
vp35,wit,large,dark,hit,458
vp35,purper,large,dark,hit,652
vp35,geel,large,dark,hit,595
vp35,purper,large,dark,hit,630
vp35,blauw,large,dark,hit,486
vp35,rood,large,dark,hit,580
vp35,zwart,large,dark,miss,
vp35,turkoois,small,dark,hit,885
vp35,blauw,small,dark,hit,478
vp35,wit,small,dark,hit,567
vp35,geel,small,dark,hit,561
vp35,blauw,small,dark,hit,450
vp35,oranje,small,dark,hit,445
vp35,zwart,small,dark,hit,566
vp35,purper,small,dark,hit,627
vp35,bruin,small,dark,hit,648
vp35,rood,small,dark,hit,507
vp35,wit,small,dark,hit,487
vp35,zwart,small,dark,hit,503
vp35,bruin,small,dark,hit,521
vp35,groen,small,dark,hit,636
vp35,geel,small,dark,hit,456
vp35,purper,small,dark,hit,568
vp35,oranje,small,dark,hit,519
vp35,rood,small,dark,hit,510
vp35,groen,small,dark,hit,727
vp35,turkoois,small,dark,miss,
vp36,zwart,large,bright,hit,438
vp36,wit,large,bright,hit,458
vp36,bruin,large,bright,hit,522
vp36,oranje,large,bright,hit,498
vp36,geel,large,bright,hit,550
vp36,geel,large,bright,hit,428
vp36,rood,large,bright,hit,496
vp36,groen,large,bright,hit,538
vp36,rood,large,bright,hit,484
vp36,purper,large,bright,hit,569
vp36,purper,large,bright,hit,532
vp36,wit,large,bright,hit,565
vp36,bruin,large,bright,hit,657
vp36,oranje,large,bright,hit,550
vp36,zwart,large,bright,hit,569
vp36,blauw,large,bright,hit,459
vp36,turkoois,large,bright,hit,552
vp36,groen,large,bright,hit,503
vp36,blauw,large,bright,hit,675
vp36,turkoois,large,bright,miss,
vp36,turkoois,small,bright,hit,652
vp36,purper,small,bright,hit,649
vp36,geel,small,bright,hit,504
vp36,rood,small,bright,hit,543
vp36,geel,small,bright,hit,494
vp36,oranje,small,bright,hit,601
vp36,groen,small,bright,hit,608
vp36,groen,small,bright,hit,595
vp36,wit,small,bright,hit,809
vp36,bruin,small,bright,hit,549
vp36,blauw,small,bright,hit,651
vp36,bruin,small,bright,hit,629
vp36,turkoois,small,bright,hit,671
vp36,rood,small,bright,hit,624
vp36,zwart,small,bright,hit,523
vp36,zwart,small,bright,hit,589
vp36,blauw,small,bright,hit,603
vp36,oranje,small,bright,hit,617
vp36,purper,small,bright,miss,
vp36,wit,small,bright,miss,
vp36,groen,large,dark,hit,505
vp36,geel,large,dark,hit,518
vp36,blauw,large,dark,hit,488
vp36,bruin,large,dark,hit,525
vp36,purper,large,dark,hit,587
vp36,zwart,large,dark,hit,489
vp36,oranje,large,dark,hit,517
vp36,wit,large,dark,hit,513
vp36,rood,large,dark,hit,546
vp36,oranje,large,dark,hit,464
vp36,rood,large,dark,hit,526
vp36,turkoois,large,dark,hit,778
vp36,geel,large,dark,hit,469
vp36,blauw,large,dark,hit,731
vp36,groen,large,dark,hit,524
vp36,turkoois,large,dark,hit,577
vp36,bruin,large,dark,hit,532
vp36,wit,large,dark,hit,474
vp36,zwart,large,dark,hit,479
vp36,purper,large,dark,hit,627
vp36,wit,small,dark,hit,498
vp36,zwart,small,dark,hit,533
vp36,wit,small,dark,hit,433
vp36,bruin,small,dark,hit,466
vp36,geel,small,dark,hit,458
vp36,geel,small,dark,hit,447
vp36,purper,small,dark,hit,554
vp36,blauw,small,dark,hit,572
vp36,rood,small,dark,hit,619
vp36,groen,small,dark,hit,574
vp36,zwart,small,dark,hit,500
vp36,groen,small,dark,hit,523
vp36,blauw,small,dark,hit,464
vp36,rood,small,dark,hit,511
vp36,bruin,small,dark,hit,477
vp36,oranje,small,dark,hit,496
vp36,purper,small,dark,hit,597
vp36,oranje,small,dark,hit,458
vp36,turkoois,small,dark,hit,671
vp36,turkoois,small,dark,miss,
vp37,rood,large,bright,hit,842
vp37,zwart,large,bright,hit,533
vp37,purper,large,bright,hit,762
vp37,geel,large,bright,hit,657
vp37,zwart,large,bright,hit,824
vp37,oranje,large,bright,hit,657
vp37,rood,large,bright,hit,678
vp37,wit,large,bright,hit,799
vp37,turkoois,large,bright,hit,655
vp37,bruin,large,bright,hit,735
vp37,wit,large,bright,hit,712
vp37,geel,large,bright,hit,539
vp37,groen,large,bright,hit,697
vp37,blauw,large,bright,hit,718
vp37,bruin,large,bright,hit,883
vp37,purper,large,bright,hit,876
vp37,groen,large,bright,hit,721
vp37,turkoois,large,bright,hit,756
vp37,blauw,large,bright,hit,687
vp37,oranje,large,bright,miss,
vp37,groen,small,bright,hit,806
vp37,rood,small,bright,hit,733
vp37,geel,small,bright,hit,669
vp37,zwart,small,bright,hit,557
vp37,purper,small,bright,hit,677
vp37,bruin,small,bright,hit,813
vp37,zwart,small,bright,hit,579
vp37,turkoois,small,bright,hit,945
vp37,wit,small,bright,hit,739
vp37,groen,small,bright,hit,668
vp37,purper,small,bright,hit,696
vp37,oranje,small,bright,hit,693
vp37,blauw,small,bright,hit,648
vp37,geel,small,bright,hit,660
vp37,blauw,small,bright,hit,592
vp37,rood,small,bright,hit,723
vp37,oranje,small,bright,hit,761
vp37,wit,small,bright,miss,
vp37,bruin,small,bright,miss,
vp37,turkoois,small,bright,miss,
vp37,geel,large,dark,hit,676
vp37,zwart,large,dark,hit,556
vp37,groen,large,dark,hit,543
vp37,blauw,large,dark,hit,601
vp37,turkoois,large,dark,hit,853
vp37,turkoois,large,dark,hit,659
vp37,groen,large,dark,hit,575
vp37,rood,large,dark,hit,578
vp37,blauw,large,dark,hit,614
vp37,geel,large,dark,hit,678
vp37,oranje,large,dark,hit,516
vp37,rood,large,dark,hit,550
vp37,zwart,large,dark,hit,749
vp37,bruin,large,dark,hit,669
vp37,oranje,large,dark,hit,585
vp37,wit,large,dark,hit,719
vp37,wit,large,dark,hit,721
vp37,bruin,large,dark,hit,760
vp37,purper,large,dark,hit,754
vp37,purper,large,dark,miss,
vp37,oranje,small,dark,hit,704
vp37,zwart,small,dark,hit,558
vp37,blauw,small,dark,hit,525
vp37,oranje,small,dark,hit,746
vp37,rood,small,dark,hit,602
vp37,groen,small,dark,hit,857
vp37,purper,small,dark,hit,557
vp37,purper,small,dark,hit,592
vp37,groen,small,dark,hit,595
vp37,turkoois,small,dark,hit,718
vp37,geel,small,dark,hit,597
vp37,wit,small,dark,hit,627
vp37,bruin,small,dark,hit,505
vp37,bruin,small,dark,hit,662
vp37,rood,small,dark,hit,850
vp37,turkoois,small,dark,hit,791
vp37,geel,small,dark,hit,674
vp37,zwart,small,dark,hit,975
vp37,blauw,small,dark,hit,706
vp37,wit,small,dark,hit,581
vp38,groen,large,bright,hit,646
vp38,oranje,large,bright,hit,550
vp38,geel,large,bright,hit,704
vp38,zwart,large,bright,hit,638
vp38,purper,large,bright,hit,587
vp38,wit,large,bright,hit,622
vp38,geel,large,bright,hit,582
vp38,rood,large,bright,hit,561
vp38,blauw,large,bright,hit,650
vp38,wit,large,bright,hit,559
vp38,bruin,large,bright,hit,756
vp38,groen,large,bright,hit,561
vp38,blauw,large,bright,hit,559
vp38,rood,large,bright,hit,494
vp38,purper,large,bright,hit,575
vp38,zwart,large,bright,hit,564
vp38,oranje,large,bright,hit,692
vp38,turkoois,large,bright,hit,625
vp38,bruin,large,bright,miss,
vp38,turkoois,large,bright,miss,
vp38,geel,small,bright,hit,832
vp38,zwart,small,bright,hit,690
vp38,purper,small,bright,hit,773
vp38,groen,small,bright,hit,756
vp38,rood,small,bright,hit,681
vp38,groen,small,bright,hit,717
vp38,wit,small,bright,hit,836
vp38,wit,small,bright,hit,797
vp38,bruin,small,bright,hit,590
vp38,turkoois,small,bright,hit,674
vp38,oranje,small,bright,hit,717
vp38,zwart,small,bright,hit,675
vp38,purper,small,bright,hit,899
vp38,oranje,small,bright,hit,663
vp38,blauw,small,bright,hit,812
vp38,blauw,small,bright,hit,684
vp38,turkoois,small,bright,hit,718
vp38,geel,small,bright,miss,
vp38,bruin,small,bright,miss,
vp38,rood,small,bright,miss,
vp38,oranje,large,dark,hit,579
vp38,bruin,large,dark,hit,602
vp38,wit,large,dark,hit,799
vp38,blauw,large,dark,hit,546
vp38,rood,large,dark,hit,496
vp38,geel,large,dark,hit,635
vp38,purper,large,dark,hit,518
vp38,groen,large,dark,hit,556
vp38,zwart,large,dark,hit,534
vp38,purper,large,dark,hit,706
vp38,oranje,large,dark,hit,543
vp38,groen,large,dark,hit,605
vp38,blauw,large,dark,hit,539
vp38,rood,large,dark,hit,512
vp38,wit,large,dark,hit,585
vp38,geel,large,dark,hit,559
vp38,bruin,large,dark,hit,587
vp38,turkoois,large,dark,hit,705
vp38,turkoois,large,dark,hit,712
vp38,zwart,large,dark,hit,573
vp38,geel,small,dark,hit,635
vp38,groen,small,dark,hit,578
vp38,wit,small,dark,hit,535
vp38,purper,small,dark,hit,558
vp38,bruin,small,dark,hit,613
vp38,turkoois,small,dark,hit,864
vp38,zwart,small,dark,hit,615
vp38,zwart,small,dark,hit,835
vp38,rood,small,dark,hit,529
vp38,rood,small,dark,hit,589
vp38,blauw,small,dark,hit,540
vp38,oranje,small,dark,hit,573
vp38,blauw,small,dark,hit,514
vp38,wit,small,dark,hit,619
vp38,purper,small,dark,hit,947
vp38,groen,small,dark,hit,635
vp38,geel,small,dark,hit,747
vp38,bruin,small,dark,hit,660
vp38,oranje,small,dark,hit,542
vp38,turkoois,small,dark,hit,606
vp39,oranje,large,bright,hit,748
vp39,turkoois,large,bright,hit,699
vp39,wit,large,bright,hit,560
vp39,zwart,large,bright,hit,528
vp39,geel,large,bright,hit,606
vp39,zwart,large,bright,hit,609
vp39,purper,large,bright,hit,535
vp39,rood,large,bright,hit,560
vp39,oranje,large,bright,hit,647
vp39,bruin,large,bright,hit,607
vp39,blauw,large,bright,hit,597
vp39,bruin,large,bright,hit,617
vp39,purper,large,bright,hit,653
vp39,turkoois,large,bright,hit,706
vp39,groen,large,bright,hit,153
vp39,rood,large,bright,hit,636
vp39,wit,large,bright,hit,554
vp39,groen,large,bright,hit,518
vp39,blauw,large,bright,hit,483
vp39,geel,large,bright,hit,579
vp39,turkoois,small,bright,hit,829
vp39,groen,small,bright,hit,662
vp39,zwart,small,bright,hit,715
vp39,bruin,small,bright,hit,614
vp39,rood,small,bright,hit,685
vp39,blauw,small,bright,hit,620
vp39,rood,small,bright,hit,681
vp39,bruin,small,bright,hit,672
vp39,groen,small,bright,hit,713
vp39,turkoois,small,bright,hit,697
vp39,oranje,small,bright,hit,555
vp39,geel,small,bright,hit,844
vp39,wit,small,bright,hit,680
vp39,zwart,small,bright,hit,591
vp39,geel,small,bright,hit,541
vp39,wit,small,bright,hit,697
vp39,blauw,small,bright,hit,541
vp39,purper,small,bright,hit,804
vp39,oranje,small,bright,hit,634
vp39,purper,small,bright,miss,
vp39,oranje,large,dark,hit,556
vp39,zwart,large,dark,hit,584
vp39,turkoois,large,dark,hit,604
vp39,rood,large,dark,hit,520
vp39,blauw,large,dark,hit,586
vp39,bruin,large,dark,hit,545
vp39,geel,large,dark,hit,765
vp39,wit,large,dark,hit,548
vp39,groen,large,dark,hit,487
vp39,bruin,large,dark,hit,562
vp39,wit,large,dark,hit,649
vp39,groen,large,dark,hit,503
vp39,purper,large,dark,hit,560
vp39,oranje,large,dark,hit,520
vp39,geel,large,dark,hit,490
vp39,blauw,large,dark,hit,511
vp39,rood,large,dark,hit,483
vp39,zwart,large,dark,hit,601
vp39,purper,large,dark,hit,631
vp39,turkoois,large,dark,hit,618
vp39,groen,small,dark,hit,608
vp39,zwart,small,dark,hit,525
vp39,turkoois,small,dark,hit,594
vp39,purper,small,dark,hit,690
vp39,turkoois,small,dark,hit,618
vp39,bruin,small,dark,hit,478
vp39,wit,small,dark,hit,561
vp39,blauw,small,dark,hit,580
vp39,rood,small,dark,hit,516
vp39,oranje,small,dark,hit,626
vp39,groen,small,dark,hit,523
vp39,wit,small,dark,hit,528
vp39,blauw,small,dark,hit,549
vp39,oranje,small,dark,hit,552
vp39,geel,small,dark,hit,503
vp39,bruin,small,dark,hit,558
vp39,rood,small,dark,hit,693
vp39,purper,small,dark,hit,536
vp39,geel,small,dark,hit,498
vp39,zwart,small,dark,hit,618
vp40,oranje,large,bright,hit,342
vp40,wit,large,bright,hit,596
vp40,geel,large,bright,hit,592
vp40,wit,large,bright,hit,538
vp40,groen,large,bright,hit,605
vp40,oranje,large,bright,hit,664
vp40,groen,large,bright,hit,556
vp40,geel,large,bright,hit,568
vp40,bruin,large,bright,hit,500
vp40,zwart,large,bright,hit,644
vp40,rood,large,bright,hit,510
vp40,blauw,large,bright,hit,577
vp40,bruin,large,bright,hit,595
vp40,purper,large,bright,hit,864
vp40,rood,large,bright,hit,510
vp40,zwart,large,bright,hit,859
vp40,blauw,large,bright,hit,579
vp40,turkoois,large,bright,hit,569
vp40,purper,large,bright,miss,
vp40,turkoois,large,bright,miss,
vp40,oranje,small,bright,hit,598
vp40,turkoois,small,bright,hit,831
vp40,geel,small,bright,hit,874
vp40,rood,small,bright,hit,597
vp40,purper,small,bright,hit,900
vp40,wit,small,bright,hit,738
vp40,blauw,small,bright,hit,883
vp40,blauw,small,bright,hit,720
vp40,zwart,small,bright,hit,720
vp40,oranje,small,bright,hit,859
vp40,zwart,small,bright,hit,907
vp40,groen,small,bright,hit,946
vp40,bruin,small,bright,hit,726
vp40,groen,small,bright,hit,823
vp40,geel,small,bright,hit,872
vp40,turkoois,small,bright,hit,783
vp40,rood,small,bright,hit,645
vp40,wit,small,bright,hit,845
vp40,purper,small,bright,hit,803
vp40,bruin,small,bright,miss,
vp40,zwart,large,dark,hit,581
vp40,oranje,large,dark,hit,522
vp40,bruin,large,dark,hit,565
vp40,purper,large,dark,hit,942
vp40,geel,large,dark,hit,503
vp40,wit,large,dark,hit,561
vp40,geel,large,dark,hit,660
vp40,groen,large,dark,hit,525
vp40,rood,large,dark,hit,579
vp40,rood,large,dark,hit,518
vp40,zwart,large,dark,hit,666
vp40,bruin,large,dark,hit,575
vp40,groen,large,dark,hit,478
vp40,blauw,large,dark,hit,590
vp40,turkoois,large,dark,hit,868
vp40,oranje,large,dark,hit,519
vp40,turkoois,large,dark,hit,577
vp40,wit,large,dark,hit,722
vp40,blauw,large,dark,miss,
vp40,purper,large,dark,miss,
vp40,groen,small,dark,hit,522
vp40,oranje,small,dark,hit,431
vp40,geel,small,dark,hit,874
vp40,rood,small,dark,hit,562
vp40,oranje,small,dark,hit,588
vp40,zwart,small,dark,hit,532
vp40,groen,small,dark,hit,502
vp40,bruin,small,dark,hit,545
vp40,rood,small,dark,hit,578
vp40,turkoois,small,dark,hit,681
vp40,bruin,small,dark,hit,604
vp40,geel,small,dark,hit,784
vp40,purper,small,dark,hit,647
vp40,blauw,small,dark,hit,589
vp40,blauw,small,dark,hit,502
vp40,wit,small,dark,hit,520
vp40,zwart,small,dark,hit,843
vp40,turkoois,small,dark,hit,652
vp40,wit,small,dark,hit,618
vp40,purper,small,dark,miss,
vp41,oranje,large,bright,hit,565
vp41,blauw,large,bright,hit,463
vp41,groen,large,bright,hit,439
vp41,geel,large,bright,hit,614
vp41,purper,large,bright,hit,448
vp41,groen,large,bright,hit,513
vp41,wit,large,bright,hit,422
vp41,purper,large,bright,hit,560
vp41,blauw,large,bright,hit,473
vp41,zwart,large,bright,hit,535
vp41,turkoois,large,bright,hit,728
vp41,turkoois,large,bright,hit,615
vp41,bruin,large,bright,hit,479
vp41,zwart,large,bright,hit,502
vp41,rood,large,bright,hit,534
vp41,oranje,large,bright,hit,564
vp41,geel,large,bright,hit,788
vp41,rood,large,bright,hit,536
vp41,wit,large,bright,hit,555
vp41,bruin,large,bright,hit,558
vp41,geel,small,bright,hit,688
vp41,blauw,small,bright,hit,747
vp41,bruin,small,bright,hit,524
vp41,rood,small,bright,hit,523
vp41,oranje,small,bright,hit,492
vp41,zwart,small,bright,hit,621
vp41,zwart,small,bright,hit,600
vp41,groen,small,bright,hit,704
vp41,purper,small,bright,hit,668
vp41,wit,small,bright,hit,579
vp41,wit,small,bright,hit,631
vp41,blauw,small,bright,hit,546
vp41,purper,small,bright,hit,863
vp41,rood,small,bright,hit,630
vp41,turkoois,small,bright,hit,725
vp41,oranje,small,bright,hit,530
vp41,groen,small,bright,hit,545
vp41,geel,small,bright,hit,643
vp41,bruin,small,bright,hit,638
vp41,turkoois,small,bright,hit,729
vp41,blauw,large,dark,hit,423
vp41,wit,large,dark,hit,483
vp41,oranje,large,dark,hit,471
vp41,bruin,large,dark,hit,479
vp41,purper,large,dark,hit,615
vp41,blauw,large,dark,hit,461
vp41,purper,large,dark,hit,496
vp41,geel,large,dark,hit,491
vp41,wit,large,dark,hit,478
vp41,rood,large,dark,hit,532
vp41,turkoois,large,dark,hit,444
vp41,groen,large,dark,hit,535
vp41,bruin,large,dark,hit,470
vp41,zwart,large,dark,hit,444
vp41,zwart,large,dark,hit,517
vp41,turkoois,large,dark,hit,600
vp41,groen,large,dark,hit,688
vp41,rood,large,dark,hit,442
vp41,oranje,large,dark,hit,546
vp41,geel,large,dark,hit,532
vp41,wit,small,dark,hit,834
vp41,turkoois,small,dark,hit,591
vp41,oranje,small,dark,hit,437
vp41,purper,small,dark,hit,637
vp41,purper,small,dark,hit,546
vp41,groen,small,dark,hit,488
vp41,rood,small,dark,hit,516
vp41,zwart,small,dark,hit,445
vp41,rood,small,dark,hit,486
vp41,bruin,small,dark,hit,502
vp41,zwart,small,dark,hit,485
vp41,blauw,small,dark,hit,471
vp41,oranje,small,dark,hit,526
vp41,turkoois,small,dark,hit,637
vp41,groen,small,dark,hit,555
vp41,wit,small,dark,hit,463
vp41,bruin,small,dark,hit,536
vp41,geel,small,dark,hit,508
vp41,blauw,small,dark,hit,526
vp41,geel,small,dark,hit,539
vp42,oranje,large,bright,hit,487
vp42,geel,large,bright,hit,467
vp42,wit,large,bright,hit,556
vp42,bruin,large,bright,hit,463
vp42,turkoois,large,bright,hit,651
vp42,rood,large,bright,hit,466
vp42,blauw,large,bright,hit,466
vp42,blauw,large,bright,hit,489
vp42,geel,large,bright,hit,441
vp42,turkoois,large,bright,hit,594
vp42,groen,large,bright,hit,695
vp42,wit,large,bright,hit,417
vp42,geel,large,bright,hit,560
vp42,oranje,large,bright,hit,491
vp42,zwart,large,bright,hit,530
vp42,zwart,large,bright,hit,742
vp42,zwart,large,bright,hit,581
vp42,purper,large,bright,hit,574
vp42,oranje,large,bright,hit,685
vp42,purper,large,bright,miss,
vp42,groen,small,bright,hit,550
vp42,turkoois,small,bright,hit,592
vp42,bruin,small,bright,hit,582
vp42,zwart,small,bright,hit,811
vp42,geel,small,bright,hit,659
vp42,groen,small,bright,hit,781
vp42,geel,small,bright,hit,583
vp42,blauw,small,bright,hit,703
vp42,blauw,small,bright,hit,846
vp42,groen,small,bright,hit,703
vp42,rood,small,bright,hit,914
vp42,groen,small,bright,hit,683
vp42,geel,small,bright,hit,559
vp42,bruin,small,bright,hit,648
vp42,turkoois,small,bright,hit,584
vp42,rood,small,bright,hit,900
vp42,wit,small,bright,miss,
vp42,purper,small,bright,miss,
vp42,wit,small,bright,miss,
vp42,rood,small,bright,miss,
vp42,bruin,large,dark,hit,589
vp42,rood,large,dark,hit,464
vp42,blauw,large,dark,hit,389
vp42,groen,large,dark,hit,344
vp42,oranje,large,dark,hit,475
vp42,blauw,large,dark,hit,425
vp42,rood,large,dark,hit,507
vp42,zwart,large,dark,hit,455
vp42,turkoois,large,dark,hit,419
vp42,groen,large,dark,hit,701
vp42,geel,large,dark,hit,398
vp42,oranje,large,dark,hit,581
vp42,bruin,large,dark,hit,664
vp42,turkoois,large,dark,hit,499
vp42,purper,large,dark,hit,532
vp42,bruin,large,dark,hit,537
vp42,purper,large,dark,hit,561
vp42,oranje,large,dark,hit,431
vp42,wit,large,dark,hit,475
vp42,zwart,large,dark,hit,470
vp42,turkoois,small,dark,hit,737
vp42,oranje,small,dark,hit,444
vp42,wit,small,dark,hit,436
vp42,purper,small,dark,hit,576
vp42,geel,small,dark,hit,483
vp42,blauw,small,dark,hit,418
vp42,blauw,small,dark,hit,578
vp42,rood,small,dark,hit,581
vp42,wit,small,dark,hit,515
vp42,turkoois,small,dark,hit,568
vp42,groen,small,dark,hit,515
vp42,zwart,small,dark,hit,649
vp42,zwart,small,dark,hit,620
vp42,rood,small,dark,hit,478
vp42,bruin,small,dark,hit,498
vp42,purper,small,dark,hit,447
vp42,bruin,small,dark,hit,501
vp42,purper,small,dark,hit,566
vp42,wit,small,dark,hit,469
vp42,oranje,small,dark,hit,701
