SSJ,ELECS
vp01,AF4 
vp01,AF7 
vp01,EXG1
vp01,EXG2
vp01,F7  
vp01,Fp1 
vp01,Fp2 
vp01,PO4 
vp01,PO8 
vp02,AF7 
vp02,EXG1
vp02,EXG2
vp02,Fp1 
vp02,P2  
vp02,PO4 
vp03,AF3 
vp03,AF8 
vp03,EXG1
vp03,EXG2
vp03,Fp1 
vp04,AF7 
vp04,AF8 
vp04,EXG1
vp04,EXG2
vp04,F6  
vp04,Fp1 
vp04,Fp2 
vp04,Fpz 
vp05,AF7 
vp05,EXG1
vp05,EXG2
vp05,Fp1 
vp06,AF3 
vp06,EXG1
vp06,EXG2
vp06,Fp1 
vp06,Iz  
vp07,AF7 
vp07,AF8 
vp07,EXG1
vp07,EXG2
vp07,F5  
vp07,Fp1 
vp07,Fp2 
vp07,P10 
vp07,POz 
vp08,EXG1
vp08,EXG2
vp08,F5  
vp08,Fp1 
vp08,P2  
vp09,EXG1
vp09,EXG2
vp09,EXG3
vp09,Fp1 
vp09,Fp2 
vp09,Fpz 
vp10,AF7 
vp10,EXG1
vp10,EXG2
vp10,Fp1 
vp11,AF3 
vp11,AF4 
vp11,AF7 
vp11,AF8 
vp11,Afz 
vp11,EXG2
vp11,Fp1 
vp11,Fp2 
vp11,Fpz 
vp11,P2  
vp11,POz 
vp12,AF3 
vp12,AF7 
vp12,AF8 
vp12,EXG1
vp12,EXG2
vp12,Fp1 
vp12,Fp2 
vp13,AF7 
vp13,Afz 
vp13,EXG1
vp13,EXG2
vp13,Fp1 
vp14,AF3 
vp14,AF7 
vp14,EXG1
vp14,EXG2
vp14,Fp1 
vp14,Fp2 
vp15,AF3 
vp15,AF8 
vp15,EXG1
vp15,EXG2
vp15,Fp1 
vp15,Fp2 
vp15,Fpz 
vp15,PO8 
vp16,AF7 
vp16,AF8 
vp16,EXG1
vp16,EXG2
vp16,F6  
vp16,Fp1 
vp16,Fp2 
vp16,Fpz 
vp16,P2  
vp16,Pz  
vp17,AF7 
vp17,AF8 
vp17,EXG1
vp17,EXG2
vp17,FT7 
vp17,Fp1 
vp17,P10 
vp17,T8  
vp17,TP8 
vp18,AF7 
vp18,AF8 
vp18,EXG1
vp18,EXG2
vp18,Fp1 
vp18,Fp2 
vp18,Fpz 
vp19,AF7 
vp19,AF8 
vp19,EXG1
vp19,EXG2
vp19,F5  
vp19,FT7 
vp19,Fp1 
vp19,Fp2 
vp20,AF3 
vp20,AF7 
vp20,EXG1
vp20,EXG2
vp20,Fp1 
vp21,AF3 
vp21,EXG1
vp21,EXG2
vp21,Fp1 
vp21,Fpz 
vp22,AF3 
vp22,AF8 
vp22,EXG1
vp22,EXG2
vp22,Fp1 
vp22,Fp2 
vp22,P2  
vp22,Pz  
vp23,AF3 
vp23,EXG1
vp23,EXG2
vp23,Fp1 
vp23,Fpz 
vp23,PO4 
vp24,AF3 
vp24,AF7 
vp24,AF8 
vp24,EXG1
vp24,EXG2
vp24,F3  
vp24,F5  
vp24,Fp1 
vp24,Fpz 
vp24,P2  
vp25,AF3 
vp25,AF7 
vp25,Afz 
vp25,EXG1
vp25,EXG2
vp25,F5  
vp25,FT8 
vp25,Fp1 
vp25,Fpz 
vp26,EXG2
vp26,F5  
vp26,Fp1 
vp26,PO4 
vp27,AF3 
vp27,AF7 
vp27,EXG1
vp27,EXG2
vp27,F5  
vp27,Fp1 
vp28,AF3 
vp28,AF7 
vp28,EXG1
vp28,EXG2
vp28,Fp1 
vp28,T7  
vp29,EXG1
vp29,EXG2
vp29,Fp1 
vp29,Fpz 
vp31,AF3 
vp31,AF7 
vp31,AF8 
vp31,EXG1
vp31,EXG2
vp31,F6  
vp31,Fp1 
vp31,Fp2 
vp31,P2  
vp33,EXG1
vp33,EXG2
vp33,Fp1 
vp33,Fp2 
vp34,EXG1
vp34,EXG2
vp34,Fp1 
vp34,Fp2 
vp34,Iz  
vp34,T8  
vp35,AF7 
vp35,AF8 
vp35,EXG1
vp35,EXG2
vp35,Fp1 
vp35,Fp2 
vp35,Fpz 
vp35,P2  
vp36,AF3 
vp36,AF7 
vp36,AF8 
vp36,EXG1
vp36,EXG2
vp36,F6  
vp36,F8  
vp36,Fp1 
vp36,Fp2 
vp36,Fpz 
vp36,TP8 
vp37,AF8 
vp37,EXG1
vp37,EXG2
vp37,Fp1 
vp37,POz 
vp38,EXG2
vp38,Fp1 
vp39,AF3 
vp39,AF4 
vp39,AF7 
vp39,Afz 
vp39,EXG2
vp39,F4  
vp39,F6  
vp39,Fp1 
vp39,Fp2 
vp39,Fpz 
vp40,AF3 
vp40,AF7 
vp40,EXG2
vp40,F5  
vp40,F7  
vp40,Fp1 
vp40,P2  
vp41,AF3
vp41,AF8
vp41,Fp1
vp42,EXG1
vp42,Fp1 
vp42,Fp2 
vp42,Fpz 
vp42,PO4 
